js_vx_desire,js_vy_desire,js_OmegaZ_desire,global_x,global_y,global_yaw
0.417405,0,0.999895,15,6.49935,1.5708
0.417405,0,0.999895,14.9995,6.49845,1.5724
0.417405,0,0.999895,14.999,6.49838,1.58596
0.417405,0,0.999895,14.9981,6.49907,1.61635
0.417405,0,0.999895,14.9963,6.49956,1.64737
0.417405,0,0.999895,14.994,6.49947,1.6749
0.417405,0,0.999895,14.9918,6.49908,1.69784
0.417405,0,0.999895,14.9897,6.49878,1.71661
0.417405,0,0.999895,14.9877,6.49882,1.73187
0.417405,0,0.999895,14.9859,6.49926,1.74315
0.470338,0,0.999766,14.9847,6.50002,1.75074
0.470338,0,0.999766,14.9836,6.50105,1.75685
0.470338,0,0.999766,14.9825,6.50237,1.76187
0.470338,0,0.999766,14.9814,6.50398,1.76565
0.470338,0,0.999766,14.9803,6.5059,1.76743
0.470338,0,0.999766,14.9792,6.508,1.76345
0.470338,0,0.999766,14.9781,6.51028,1.75256
0.470338,0,0.999766,14.9773,6.51264,1.73681
0.415609,0,0.999815,14.9773,6.51464,1.72429
0.415609,0,0.999815,14.9775,6.51658,1.71524
0.415609,0,0.999815,14.9779,6.51878,1.71035
0.415609,0,0.999815,14.9785,6.52159,1.7099
0.415609,0,0.999815,14.9791,6.52509,1.71268
0.415609,0,0.999815,14.9798,6.52906,1.71637
0.415609,0,0.999815,14.9806,6.53315,1.7182
0.415609,0,0.999815,14.982,6.53695,1.71964
0.415609,0,0.999815,14.984,6.54036,1.72183
0.411506,0,0.999841,14.9866,6.54345,1.7249
0.411506,0,0.999841,14.9896,6.54633,1.72872
0.411506,0,0.999841,14.9928,6.54924,1.7332
0.411506,0,0.999841,14.9963,6.55244,1.73756
0.411506,0,0.999841,15,6.55574,1.74219
0.411506,0,0.999841,15.004,6.55901,1.74753
0.411506,0,0.999841,15.0082,6.56234,1.75376
0.411506,0,0.999841,15.0126,6.56584,1.76113
0.411506,0,0.999841,15.0175,6.56959,1.77013
0.411506,0,0.999841,15.0226,6.57352,1.78134
0.411506,0,0.999841,15.0277,6.57744,1.79399
0.411506,0,0.999841,15.0324,6.58103,1.80593
0.436998,0,0.999831,15.0366,6.58408,1.8157
0.436998,0,0.999831,15.041,6.58877,1.83022
0.436998,0,0.999831,15.0454,6.59459,1.84683
0.436998,0,0.999831,15.0489,6.60052,1.86495
0.436998,0,0.999831,15.0515,6.60639,1.88411
0.436998,0,0.999831,15.0535,6.61189,1.9029
0.436998,0,0.999831,15.0549,6.61673,1.92088
0.436998,0,0.999831,15.056,6.62075,1.9377
0.436998,0,0.999831,15.0566,6.62399,1.95304
0.436998,0,0.999831,15.0565,6.62698,1.96846
0.379373,0,0.999633,15.0557,6.62968,1.985
0.379373,0,0.999633,15.0543,6.63196,2.00218
0.379373,0,0.999633,15.0523,6.63386,2.01974
0.379373,0,0.999633,15.0499,6.63551,2.03759
0.379373,0,0.999633,15.0471,6.63711,2.05557
0.379373,0,0.999633,15.0438,6.63882,2.07345
0.379373,0,0.999633,15.0401,6.64071,2.09109
0.379373,0,0.999633,15.0359,6.6428,2.10858
0.379373,0,0.999633,15.0313,6.6451,2.12624
0.379373,0,0.999633,15.0262,6.64767,2.14449
0.379373,0,0.999633,15.0206,6.65053,2.16367
0.379373,0,0.999633,15.0146,6.65368,2.18375
0,0,0.999715,15.008,6.65713,2.20425
0,0,0.999715,15.0009,6.66098,2.22427
0,0,0.999715,14.9933,6.66537,2.2428
0,0,0.999715,14.9856,6.67023,2.25798
0,0,0.999715,14.9778,6.67535,2.26754
0,0,0.999715,14.9695,6.67799,2.28275
0,0,0.999715,14.9629,6.68151,2.29428
0.263247,0,0.999878,14.9575,6.68535,2.30394
0.263247,0,0.999878,14.9525,6.689,2.31651
0.263247,0,0.999878,14.9474,6.69223,2.32913
0.263247,0,0.999878,14.9422,6.69507,2.34081
0.263247,0,0.999878,14.9373,6.69778,2.35161
0.263247,0,0.999878,14.933,6.70065,2.36217
0.263247,0,0.999878,14.9292,6.70413,2.37202
0.263247,0,0.999878,14.926,6.70825,2.38137
0.263247,0,0.999878,14.9236,6.71272,2.3916
0.263247,0,0.999878,14.9218,6.7173,2.40347
0.263247,0,0.999878,14.9204,6.72195,2.41696
0.63515,0,0.999703,14.9193,6.72672,2.43162
0.63515,0,0.999703,14.9185,6.7316,2.44615
0.63515,0,0.999703,14.9178,6.73667,2.45992
0.63515,0,0.999703,14.9172,6.74208,2.474
0.63515,0,0.999703,14.9166,6.74797,2.48971
0.63515,0,0.999703,14.9161,6.75433,2.50759
0.63515,0,0.999703,14.9155,6.76092,2.52704
0.63515,0,0.999703,14.9148,6.76733,2.5461
0.63515,0,0.999703,14.9141,6.77316,2.56323
0.903418,0,0.998021,14.9128,6.77934,2.57974
0.903418,0,0.998021,14.9101,6.7867,2.59949
0.903418,0,0.998021,14.907,6.79426,2.61987
0.903418,0,0.998021,14.9035,6.80129,2.64018
0.903418,0,0.998021,14.8997,6.80778,2.66047
0.903418,0,0.998021,14.8956,6.81364,2.68003
0.903418,0,0.998021,14.891,6.81868,2.69834
0.903418,0,0.998021,14.8859,6.82287,2.71503
0.903418,0,0.998021,14.8801,6.82644,2.7315
0.903418,0,0.998021,14.8737,6.82938,2.74789
1,0,0.932233,14.867,6.8318,2.76386
1,0,0.932233,14.8598,6.83389,2.77901
1,0,0.932233,14.8522,6.83577,2.79326
1,0,0.932233,14.8441,6.83752,2.80721
1,0,0.932233,14.8354,6.83918,2.82114
1,0,0.932233,14.8261,6.84075,2.83502
1,0,0.932233,14.8159,6.84226,2.84886
1,0,0.932233,14.8049,6.84369,2.86282
1,0,0.451832,14.793,6.84499,2.87677
1,0,0.451832,14.7803,6.84608,2.8858
1,0,0.451832,14.7667,6.84717,2.88611
1,0,0.451832,14.7523,6.84881,2.87985
1,0,0.451832,14.7366,6.85038,2.8729
1,0,0.451832,14.7199,6.85181,2.87182
1,0,0.451832,14.7039,6.85407,2.87663
1,0,0.451832,14.6882,6.85665,2.88759
1,0,0.451832,14.673,6.85866,2.89724
1,0,0.275636,14.6585,6.85992,2.90219
1,0,0.275636,14.6444,6.86078,2.9023
1,0,0.275636,14.6304,6.86174,2.89957
1,0,0.275636,14.6161,6.86317,2.89695
1,0,0.275636,14.6013,6.8653,2.89602
1,0,0.275636,14.586,6.86825,2.89621
1,0,0.275636,14.5708,6.87184,2.89727
1,0,0.275636,14.5561,6.87584,2.89856
1,0,0.275636,14.5417,6.88029,2.89961
1,0,0.275636,14.527,6.8854,2.90093
1,0,0.275636,14.5115,6.89137,2.9041
1,0,0.504983,14.4946,6.89805,2.91073
1,0,0.504983,14.4758,6.90481,2.92233
1,0,0.504983,14.4551,6.91091,2.93847
1,0,0.504983,14.4331,6.91635,2.95454
1,0,0.504983,14.413,6.92193,2.96221
1,0,0.504983,14.3929,6.92666,2.97288
1,0,0.504983,14.3738,6.93066,2.98162
1,0,-0.0475633,14.3562,6.93418,2.99012
1,0,-0.0475633,14.3401,6.93737,2.99698
1,0,-0.0475633,14.3252,6.9402,3.00036
1,0,-0.0475633,14.3109,6.94247,3.00155
1,0,-0.0475633,14.2966,6.94409,3.00142
1,0,-0.0475633,14.2818,6.9452,3.00066
1,0,-0.0475633,14.2662,6.94585,3.00054
1,0,-0.0475633,14.25,6.94613,3.0005
1,0,-0.0475633,14.2334,6.94622,3.00097
1,0,-0.0475633,14.2165,6.94624,3.00311
1,0,0.334528,14.1991,6.94617,3.00692
1,0,0.334528,14.1809,6.94602,3.01391
1,0,0.334528,14.1618,6.94586,3.02417
1,0,0.334528,14.1416,6.94589,3.03462
1,0,0.334528,14.1203,6.94643,3.04238
1,0,0.334528,14.0978,6.94699,3.04698
1,0,0.334528,14.0758,6.94588,3.05385
1,0,0.334528,14.0542,6.94602,3.0585
1,0,0.334528,14.0325,6.94721,3.06097
1,0,0.334528,14.0118,6.94808,3.06249
1,0,0.334528,13.9924,6.94804,3.0637
1,0,0.334528,13.9744,6.94742,3.06562
1,0,-0.617961,13.9574,6.94668,3.06804
1,0,-0.617961,13.9408,6.94631,3.06427
1,0,-0.617961,13.9241,6.94653,3.0506
1,0,-0.617961,13.9073,6.94722,3.03152
1,0,-0.617961,13.8903,6.9483,3.01158
1,0,-0.617961,13.8734,6.94988,2.99367
1,0,-0.617961,13.8572,6.95193,2.97974
1,0,-0.617961,13.842,6.95445,2.96934
1,0,-0.617961,13.8273,6.95758,2.9602
1,0,-0.617961,13.8122,6.96155,2.95033
1,0,-0.617961,13.7961,6.96666,2.9394
1,0,0.641421,13.7787,6.97298,2.92853
1,0,0.641421,13.7601,6.97997,2.92866
1,0,0.641421,13.7402,6.98673,2.94524
1,0,0.641421,13.7195,6.99267,2.97143
1,0,0.641421,13.6989,6.99783,2.9993
1,0,0.641421,13.6791,7.00298,3.01938
1,0,0.641421,13.6625,7.00885,3.02409
1,0,0.350175,13.6474,7.01439,3.03006
1,0,0.350175,13.6334,7.01904,3.03831
1,0,0.350175,13.62,7.02285,3.04687
1,0,0.350175,13.6067,7.02605,3.05491
1,0,0.350175,13.5928,7.02865,3.06311
1,0,0.350175,13.5784,7.03058,3.07023
1,0,0.350175,13.564,7.03194,3.07539
1,0,0.350175,13.5496,7.03286,3.07924
1,0,0.350175,13.5349,7.03345,3.08327
1,0,0.350175,13.52,7.03369,3.08844
1,0,0.350175,13.5045,7.03356,3.09473
1,0,0.350175,13.4882,7.03304,3.10155
1,0,-0.131208,13.4709,7.0322,3.10776
1,0,-0.131208,13.4525,7.03128,3.10831
1,0,-0.131208,13.4328,7.03078,3.10086
1,0,-0.131208,13.4117,7.03097,3.08917
1,0,-0.131208,13.3916,7.02923,3.08524
1,0,-0.131208,13.3711,7.02925,3.0802
1,0,-0.131208,13.3508,7.03005,3.07603
1,0,-0.131208,13.3317,7.03047,3.07616
1,0,-0.131208,13.314,7.03026,3.07702
1,0,-0.131208,13.2977,7.02969,3.07545
1,0,0.735254,13.2824,7.02917,3.07111
1,0,0.735254,13.2676,7.02879,3.07098
1,0,0.735254,13.2528,7.02866,3.07913
1,0,0.735254,13.2377,7.02907,3.09187
1,0,0.735254,13.222,7.0302,3.10447
1,0,0.735254,13.206,7.03207,3.11407
1,0,0.735254,13.19,7.03447,3.12066
1,0,0.735254,13.174,7.03722,3.12549
1,0,0.735254,13.1578,7.04034,3.13043
1,0,0.735254,13.1408,7.04379,3.13799
1,0,0.908919,13.1226,7.04703,-3.133
1,0,0.908919,13.1031,7.04924,-3.11566
1,0,0.908919,13.0828,7.05068,-3.09739
1,0,0.908919,13.0644,7.05186,-3.08562
1,0,0.908919,13.046,7.05162,-3.06736
1,0,0.908919,13.0286,7.05012,-3.04644
1,0,0.908919,13.0126,7.04802,-3.02408
1,0,0.908919,12.998,7.04575,-3.00174
1,0,0.908919,12.9848,7.04335,-2.98069
1,0,0.847598,12.9726,7.04071,-2.96158
1,0,0.847598,12.961,7.0377,-2.94491
1,0,0.847598,12.9492,7.03421,-2.9296
1,0,0.847598,12.9369,7.03008,-2.91445
1,0,0.847598,12.9243,7.02534,-2.89959
1,0,0.847598,12.9114,7.02009,-2.88473
1,0,0.847598,12.8982,7.01443,-2.86909
1,0,0.847598,12.8849,7.00836,-2.85215
1,0,0.847598,12.871,7.00184,-2.83399
1,0,0.907491,12.8566,6.99482,-2.81524
1,0,0.907491,12.8415,6.98727,-2.79698
1,0,0.907491,12.8255,6.97925,-2.78121
1,0,0.907491,12.8082,6.97089,-2.76966
1,0,0.907491,12.7898,6.96158,-2.76234
1,0,0.907491,12.7718,6.95015,-2.75437
1,0,0.907491,12.7543,6.93996,-2.74384
1,0,0.907491,12.7369,6.93091,-2.73344
1,0,0.907491,12.7206,6.92211,-2.7232
1,0,0.907491,12.7053,6.91333,-2.71334
1,0,0.855433,12.6909,6.90453,-2.70376
1,0,0.855433,12.6771,6.89579,-2.69463
1,0,0.855433,12.6634,6.88716,-2.68544
1,0,0.855433,12.6495,6.87866,-2.67539
1,0,0.855433,12.6349,6.87026,-2.66428
1,0,0.855433,12.6197,6.86215,-2.65322
1,0,0.855433,12.6041,6.8546,-2.64247
1,0,0.855433,12.5886,6.8477,-2.63228
1,0,0.855433,12.573,6.84137,-2.62278
1,0,0.855433,12.5571,6.83543,-2.61335
1,0,0.855433,12.5402,6.82951,-2.60196
1,0,0.855433,12.5222,6.82289,-2.58721
1,0,0.872131,12.5032,6.81466,-2.57026
1,0,0.872131,12.4837,6.8046,-2.55262
1,0,0.872131,12.4643,6.79421,-2.53683
1,0,0.872131,12.4465,6.7851,-2.52377
1,0,0.872131,12.4296,6.77499,-2.50528
1,0,0.872131,12.4142,6.76488,-2.48577
1,0,0.872131,12.4003,6.75515,-2.46634
1,0,0.872131,12.3879,6.74599,-2.44781
1,0,0.872131,12.3765,6.73725,-2.43069
1,0,0.872131,12.3658,6.72865,-2.41505
1,0,0.872131,12.3555,6.71985,-2.40057
1,0,0.076614,12.3451,6.7104,-2.38557
1,0,0.076614,12.3347,6.70034,-2.37666
1,0,0.076614,12.3244,6.68991,-2.37678
1,0,0.076614,12.3143,6.67911,-2.38033
1,0,0.076614,12.3043,6.66776,-2.38281
1,0,0.076614,12.2941,6.65561,-2.38296
1,0,0.076614,12.2833,6.64256,-2.38179
1,0,0.076614,12.2716,6.62867,-2.38084
1,0,0.076614,12.2587,6.61422,-2.38207
1,0,0.076614,12.2445,6.59968,-2.38713
1,0,0.076614,12.2309,6.58456,-2.38961
1,0,0.076614,12.2183,6.57066,-2.3896
1,0,0.509266,12.2043,6.55817,-2.39311
1,0,0.509266,12.1902,6.54646,-2.39393
1,0,0.509266,12.1773,6.53509,-2.38974
1,0,0.509266,12.1658,6.52401,-2.38376
1,0,0.509266,12.1555,6.51339,-2.37893
1,0,0.509266,12.1456,6.5033,-2.37574
1,0,0.509266,12.1355,6.49359,-2.37312
1,0,0.509266,12.1249,6.48402,-2.36996
1,0,0.509266,12.1136,6.47445,-2.36609
1,0,0.509266,12.1015,6.46483,-2.3626
1,0,0.632743,12.0888,6.45541,-2.36021
1,0,0.632743,12.076,6.44638,-2.35802
1,0,0.632743,12.0631,6.4377,-2.35548
1,0,0.632743,12.0498,6.42912,-2.35255
1,0,0.632743,12.0356,6.42021,-2.34787
1,0,0.632743,12.0204,6.4104,-2.3395
1,0,0.632743,12.0047,6.39902,-2.32694
1,0,0.632743,11.9889,6.38611,-2.31293
1,0,0.632743,11.9735,6.37342,-2.30391
1,0,0.632743,11.9595,6.36081,-2.29416
1,0,0.453885,11.9469,6.34742,-2.28148
1,0,0.453885,11.9355,6.33428,-2.26951
1,0,0.453885,11.9253,6.32196,-2.25905
1,0,0.453885,11.9161,6.31052,-2.24929
1,0,0.453885,11.9078,6.29969,-2.23977
1,0,0.453885,11.9003,6.28903,-2.23056
1,0,0.453885,11.8933,6.27815,-2.222
1,0,0.453885,11.8861,6.26656,-2.21332
1,0,0.453885,11.879,6.25417,-2.20437
1,0,0.453885,11.8719,6.24117,-2.19569
1,0,0.453885,11.8648,6.2277,-2.18687
1,0,-0.712918,11.8578,6.21381,-2.1772
1,0,-0.712918,11.8506,6.19948,-2.17471
1,0,-0.712918,11.8429,6.1844,-2.18361
1,0,-0.712918,11.8345,6.16822,-2.19874
1,0,-0.712918,11.8248,6.15118,-2.216
1,0,-0.712918,11.8135,6.13414,-2.23352
1,0,-0.712918,11.8038,6.11777,-2.2363
1,0,-0.712918,11.7939,6.10239,-2.23908
1,0,-0.712918,11.7828,6.0883,-2.25455
1,0,0.427227,11.7711,6.07559,-2.27476
1,0,0.427227,11.7603,6.06389,-2.28579
1,0,0.427227,11.7511,6.05293,-2.28406
1,0,0.427227,11.7429,6.0427,-2.27666
1,0,0.427227,11.7351,6.03324,-2.26926
1,0,0.427227,11.7269,6.02433,-2.26318
1,0,0.427227,11.7181,6.01559,-2.25763
1,0,0.427227,11.7085,6.00675,-2.25242
1,0,0.427227,11.6981,5.99768,-2.24866
1,0,0.427227,11.6871,5.98854,-2.24759
1,0,0.427227,11.6759,5.97961,-2.24877
1,0,0.427227,11.6644,5.97094,-2.25108
1,0,0.395284,11.6526,5.96226,-2.2533
1,0,0.395284,11.6399,5.95317,-2.25376
1,0,0.395284,11.6265,5.94309,-2.25045
1,0,0.395284,11.6129,5.93151,-2.24182
1,0,0.395284,11.5992,5.9187,-2.23161
1,0,0.395284,11.5863,5.90706,-2.22831
1,0,0.395284,11.5747,5.89425,-2.22044
1,0,0.395284,11.5644,5.88084,-2.21164
1,0,0.395284,11.5551,5.86778,-2.20371
1,0,0.395284,11.5465,5.85557,-2.19494
1,0,0.395284,11.5388,5.84422,-2.18489
1,0,-0.114651,11.5319,5.83345,-2.17428
1,0,-0.114651,11.5256,5.82283,-2.16761
1,0,-0.114651,11.5198,5.81197,-2.16712
1,0,-0.114651,11.5141,5.80034,-2.16961
1,0,-0.114651,11.5086,5.78776,-2.17214
1,0,-0.114651,11.5033,5.77451,-2.17437
1,0,-0.114651,11.4979,5.76085,-2.17588
1,0,-0.114651,11.4923,5.74682,-2.17566
1,0,-0.114651,11.4864,5.73231,-2.17372
1,0,-0.114651,11.4802,5.71711,-2.17096
1,0,-0.114651,11.4733,5.70097,-2.16792
1,0,0.312496,11.4653,5.68396,-2.16556
1,0,0.312496,11.4563,5.66651,-2.16262
1,0,0.312496,11.4469,5.64861,-2.15754
1,0,0.312496,11.4398,5.63111,-2.14522
1,0,0.312496,11.431,5.61433,-2.1376
1,0,0.312496,11.4209,5.59798,-2.13295
1,0,0.312496,11.4111,5.58203,-2.13027
1,0,0.312496,11.4026,5.56665,-2.12938
1,0,0.312496,11.3951,5.55201,-2.12915
1,0,0.312496,11.3882,5.53815,-2.12906
1,0,-0.217284,11.3814,5.5249,-2.1288
1,0,-0.217284,11.3741,5.51196,-2.13159
1,0,-0.217284,11.3661,5.49908,-2.13905
1,0,-0.217284,11.3574,5.48605,-2.14879
1,0,-0.217284,11.3481,5.47292,-2.1595
1,0,-0.217284,11.3386,5.46019,-2.16946
1,0,-0.217284,11.329,5.44818,-2.17799
1,0,-0.217284,11.3193,5.43683,-2.1853
1,0,-0.217284,11.3091,5.42578,-2.19172
1,0,-0.217284,11.298,5.41451,-2.19725
1,0,0.711128,11.2856,5.40239,-2.20195
1,0,0.711128,11.2721,5.3889,-2.19871
1,0,0.711128,11.258,5.37365,-2.18443
1,0,0.711128,11.2439,5.35676,-2.1643
1,0,0.711128,11.2301,5.33932,-2.14463
1,0,0.711128,11.2167,5.32412,-2.13453
1,0,0.711128,11.2043,5.30953,-2.12574
1,0,0.711128,11.193,5.29585,-2.11462
1,0,0.711128,11.1827,5.28319,-2.10088
1,0,0.711128,11.1732,5.2713,-2.08553
1,0,0.711128,11.1643,5.25969,-2.07015
1,0,0.711128,11.1559,5.24797,-2.05586
1,0,0.705991,11.1478,5.23571,-2.04277
1,0,0.705991,11.1401,5.2227,-2.03029
1,0,0.705991,11.1328,5.20911,-2.0187
1,0,0.705991,11.126,5.1951,-2.00753
1,0,0.705991,11.1196,5.18072,-1.99589
1,0,0.705991,11.1134,5.16587,-1.98323
1,0,0.705991,11.1074,5.15038,-1.9697
1,0,0.705991,11.1015,5.13408,-1.95626
1,0,0.705991,11.0956,5.11682,-1.94436
1,0,0.705991,11.0893,5.0982,-1.93532
1,0,0.705991,11.0823,5.07789,-1.92987
1,0,-0.943861,11.0748,5.05606,-1.92756
1,0,-0.943861,11.0692,5.0338,-1.93472
1,0,-0.943861,11.0633,5.01313,-1.95213
1,0,-0.943861,11.0567,4.99361,-1.97271
1,0,-0.943861,11.0508,4.97547,-1.99372
1,0,-0.943861,11.0459,4.95861,-2.01578
1,0,-0.943861,11.0419,4.94264,-2.03932
1,0,-0.943861,11.0381,4.92715,-2.06379
1,0,-0.943861,11.0344,4.9117,-2.08699
1,0,-0.943861,11.0302,4.89602,-2.10779
1,0,-0.943861,11.0248,4.88085,-2.12566
1,0,0.510446,11.0182,4.86676,-2.14082
1,0,0.510446,11.0112,4.85388,-2.14282
1,0,0.510446,11.0042,4.84207,-2.12835
1,0,0.510446,10.9968,4.83095,-2.10807
1,0,0.510446,10.9886,4.82,-2.08882
1,0,0.510446,10.9796,4.80853,-2.07163
1,0,0.510446,10.9704,4.7959,-2.05431
1,0,0.510446,10.9616,4.78166,-2.03419
1,0,0.510446,10.9534,4.76592,-2.01206
1,0,0.510446,10.9461,4.74973,-1.99368
1,0,0.510446,10.9397,4.73553,-1.9826
1,0,-0.758498,10.934,4.72149,-1.96942
1,0,-0.758498,10.9284,4.70859,-1.96601
1,0,-0.758498,10.9228,4.69704,-1.97224
1,0,-0.758498,10.9178,4.68639,-1.98235
1,0,-0.758498,10.9141,4.67586,-1.99265
1,0,-0.758498,10.9117,4.66487,-2.00262
1,0,-0.758498,10.91,4.65293,-2.01172
1,0,-0.758498,10.9088,4.64039,-2.02119
1,0,-0.758498,10.9078,4.62772,-2.03193
1,0,-0.758498,10.9067,4.615,-2.04305
1,0,-0.513366,10.9055,4.60204,-2.05352
1,0,-0.513366,10.9041,4.58867,-2.06174
1,0,-0.513366,10.9022,4.57481,-2.06721
1,0,-0.513366,10.8994,4.56049,-2.07027
1,0,-0.513366,10.895,4.5458,-2.0706
1,0,-0.513366,10.8893,4.53064,-2.06964
1,0,-0.513366,10.8849,4.51426,-2.06832
1,0,-0.513366,10.8797,4.49832,-2.07075
1,0,-0.513366,10.8737,4.483,-2.07846
1,0,-0.513366,10.8676,4.46837,-2.08963
1,0,-0.513366,10.8617,4.45439,-2.10301
1,0,-0.513366,10.8558,4.44114,-2.11697
1,0,0.0813064,10.8498,4.42866,-2.12998
1,0,0.0813064,10.8436,4.41686,-2.13557
1,0,0.0813064,10.8372,4.40548,-2.13127
1,0,0.0813064,10.8301,4.39414,-2.1229
1,0,0.0813064,10.8223,4.38278,-2.1155
1,0,0.0813064,10.8138,4.37151,-2.11136
1,0,0.0813064,10.8051,4.36045,-2.11115
1,0,0.0813064,10.7961,4.34964,-2.11433
1,0,0.0813064,10.7868,4.33893,-2.11954
1,0,0.0813064,10.7769,4.32801,-2.12491
1,0,0.0813064,10.766,4.31656,-2.12817
1,0,0.0813064,10.7541,4.30416,-2.12757
1,0,0.382086,10.7416,4.29008,-2.123
1,0,0.382086,10.729,4.2743,-2.11426
1,0,0.382086,10.7167,4.25893,-2.10783
1,0,0.382086,10.7059,4.24344,-2.1001
1,0,0.382086,10.6964,4.22743,-2.09184
1,0,0.382086,10.6878,4.21209,-2.08531
1,0,0.382086,10.6796,4.19799,-2.07789
1,0,0.382086,10.6719,4.18521,-2.06853
1,0,0.382086,10.6647,4.17337,-2.05744
1,0,0.382086,10.6581,4.16189,-2.04578
1,0,0.382086,10.652,4.15025,-2.03498
1,0,0.382086,10.6464,4.13805,-2.02593
1,0,0.382086,10.641,4.12494,-2.01794
1,0,-0.500164,10.6359,4.11103,-2.01088
1,0,-0.500164,10.6309,4.09661,-2.01088
1,0,-0.500164,10.6259,4.08182,-2.01901
1,0,-0.500164,10.6209,4.06646,-2.02953
1,0,-0.500164,10.6157,4.05017,-2.03893
1,0,-0.500164,10.6101,4.03275,-2.04655
1,0,-0.500164,10.6036,4.01427,-2.05361
1,0,-0.500164,10.5958,3.99528,-2.06194
1,0,-0.500164,10.587,3.97637,-2.06954
1,0,-0.500164,10.5805,3.95902,-2.06871
0.410762,0,-0.951193,10.5718,3.94261,-2.07918
0.410762,0,-0.951193,10.5619,3.92761,-2.09541
0.410762,0,-0.951193,10.5521,3.91404,-2.11667
0.410762,0,-0.951193,10.5433,3.90174,-2.14095
0.410762,0,-0.951193,10.5355,3.89046,-2.16584
0.410762,0,-0.951193,10.5284,3.87997,-2.19092
0.410762,0,-0.951193,10.5217,3.87002,-2.21696
0.410762,0,-0.951193,10.5154,3.86002,-2.24451
0.410762,0,-0.951193,10.5086,3.85035,-2.27309
0.410762,0,-0.951193,10.5008,3.84143,-2.30189
0.410762,0,-0.951193,10.4925,3.83354,-2.32999
0.743738,0,-0.949238,10.484,3.82675,-2.35716
0.743738,0,-0.949238,10.4757,3.82121,-2.38357
0.743738,0,-0.949238,10.4678,3.81688,-2.40884
0.743738,0,-0.949238,10.4603,3.81341,-2.43244
0.743738,0,-0.949238,10.453,3.81043,-2.45425
0.743738,0,-0.949238,10.4454,3.8077,-2.47403
0.743738,0,-0.949238,10.4371,3.80513,-2.49109
0.743738,0,-0.949238,10.4276,3.8026,-2.50537
0.743738,0,-0.949238,10.417,3.79998,-2.5172
0.394066,0,-0.790761,10.4053,3.79705,-2.52699
0.394066,0,-0.790761,10.3923,3.79432,-2.53059
0.394066,0,-0.790761,10.3799,3.79178,-2.53312
0.394066,0,-0.790761,10.3694,3.78881,-2.53663
0.394066,0,-0.790761,10.3604,3.78524,-2.54183
0.394066,0,-0.790761,10.3521,3.78194,-2.54963
0.394066,0,-0.790761,10.3442,3.77949,-2.55868
0.394066,0,-0.790761,10.3365,3.77788,-2.56845
0.394066,0,-0.790761,10.329,3.77678,-2.57875
0,0,-0.878191,10.3217,3.77572,-2.5898
0,0,-0.878191,10.3147,3.77401,-2.602
0,0,-0.878191,10.3083,3.77158,-2.61664
0,0,-0.878191,10.3029,3.76866,-2.63286
0,0,-0.878191,10.2984,3.76547,-2.64943
0,0,-0.878191,10.2948,3.76214,-2.66562
0,0,-0.878191,10.2919,3.75874,-2.68131
0,0,-0.878191,10.2895,3.75526,-2.69681
0,0,-0.878191,10.2876,3.75167,-2.71279
0,0,-0.878191,10.2861,3.74785,-2.73007
0,0,-0.878191,10.285,3.74376,-2.74907
0,0,-0.996348,10.2842,3.73939,-2.76957
0,0,-0.996348,10.2838,3.73481,-2.79168
0,0,-0.996348,10.2835,3.73013,-2.8145
0,0,-0.996348,10.2833,3.72562,-2.83608
0,0,-0.996348,10.2829,3.72162,-2.85467
0,0,-0.996348,10.2822,3.71807,-2.86972
0,0,-0.996348,10.2806,3.71341,-2.89047
0,0,-0.996348,10.2796,3.70799,-2.91169
0,0,-0.996348,10.2783,3.70301,-2.9336
0,0,-0.996348,10.2771,3.69787,-2.95488
0,0,-0.99938,10.2758,3.69326,-2.97575
0,0,-0.99938,10.2744,3.68952,-2.99661
0,0,-0.99938,10.2733,3.68665,-3.01754
0,0,-0.99938,10.272,3.68447,-3.03887
0,0,-0.99938,10.2709,3.68288,-3.06117
0,0,-0.99938,10.2702,3.68189,-3.08381
0,0,-0.99938,10.27,3.68153,-3.10636
0,0,-0.99938,10.2703,3.68186,-3.12872
0,0,-0.99938,10.2712,3.68293,3.13237
0,0,-0.99938,10.2725,3.68478,3.11059
0.031425,0,-0.999541,10.2743,3.68731,3.08924
0.031425,0,-0.999541,10.2765,3.69041,3.06822
0.031425,0,-0.999541,10.2791,3.69402,3.04753
0.031425,0,-0.999541,10.2819,3.69811,3.02742
0.031425,0,-0.999541,10.2849,3.70264,3.00821
0.031425,0,-0.999541,10.2882,3.70754,2.99011
0.031425,0,-0.999541,10.2917,3.71266,2.97305
0.031425,0,-0.999541,10.2955,3.71772,2.95668
0.031425,0,-0.999541,10.2995,3.7224,2.94136
0.031425,0,-0.999541,10.3037,3.72653,2.92885
0,0,-0.999135,10.308,3.7303,2.92269
0,0,-0.999135,10.3107,3.73544,2.92143
0,0,-0.999135,10.313,3.74017,2.91653
0,0,-0.999135,10.3158,3.74503,2.91016
0,0,-0.999135,10.3183,3.74983,2.89704
0,0,-0.999135,10.3194,3.75456,2.88357
0,0,-0.999135,10.3195,3.75877,2.87039
0,0,-0.999135,10.3192,3.76218,2.85654
0,0,-0.999135,10.3188,3.76465,2.84162
0,0,-0.999135,10.3184,3.76612,2.82612
0,0,-0.998477,10.318,3.76668,2.81092
0,0,-0.998477,10.3175,3.7665,2.7966
0,0,-0.998477,10.3168,3.76576,2.78312
0,0,-0.998477,10.3161,3.76459,2.76979
0,0,-0.998477,10.3153,3.7631,2.75556
0,0,-0.998477,10.3142,3.76132,2.73944
0,0,-0.998477,10.3129,3.75926,2.72092
0,0,-0.998477,10.3112,3.75688,2.70015
0,0,-0.998477,10.3092,3.75413,2.6777
0,0,-0.998477,10.3071,3.75097,2.65436
0,0,-0.998477,10.3049,3.74737,2.63127
0,0,-0.998477,10.3027,3.74338,2.60981
0,0,-0.998477,10.3006,3.73925,2.59134
0,0,-0.998477,10.2987,3.73544,2.57694
0.0630615,0,-0.99912,10.297,3.7323,2.56738
0.0630615,0,-0.99912,10.2937,3.72966,2.55244
0.0630615,0,-0.99912,10.2891,3.72647,2.53299
0.0630615,0,-0.99912,10.2848,3.72346,2.51288
0.0630615,0,-0.99912,10.2804,3.72072,2.49243
0.0630615,0,-0.99912,10.2761,3.71816,2.47219
0.0630615,0,-0.99912,10.2722,3.71625,2.45184
0.0630615,0,-0.99912,10.269,3.71496,2.43136
0.0630615,0,-0.99912,10.2665,3.71419,2.41092
0,0,-0.998388,10.2644,3.71389,2.3904
0,0,-0.998388,10.2629,3.71398,2.36926
0,0,-0.998388,10.2621,3.71423,2.34816
0,0,-0.998388,10.2622,3.71451,2.32728
0,0,-0.998388,10.2633,3.71484,2.30659
0,0,-0.998388,10.2653,3.71531,2.28598
0,0,-0.998388,10.2681,3.71591,2.26554
0,0,-0.998388,10.2716,3.71661,2.24529
0,0,-0.998388,10.2758,3.71743,2.22519
0,0,-0.999485,10.2806,3.71839,2.20539
0,0,-0.999485,10.2859,3.71951,2.18617
0,0,-0.999485,10.2916,3.72079,2.16792
0,0,-0.999485,10.2977,3.72221,2.15076
0,0,-0.999485,10.3039,3.72366,2.1346
0,0,-0.999485,10.3102,3.7249,2.11917
0,0,-0.999485,10.3164,3.72567,2.10496
0,0,-0.999485,10.3222,3.72593,2.09416
0,0,-0.999485,10.328,3.72614,2.09058
0,0,-0.999485,10.3336,3.72827,2.08949
0,0,-0.999485,10.3393,3.73025,2.08644
0.0185991,0,-0.999535,10.345,3.73174,2.07592
0.0185991,0,-0.999535,10.3501,3.73354,2.06262
0.0185991,0,-0.999535,10.3543,3.73629,2.05039
0.0185991,0,-0.999535,10.3575,3.73939,2.03842
0.0185991,0,-0.999535,10.3599,3.7422,2.02526
0.0185991,0,-0.999535,10.3617,3.74435,2.01063
0.0185991,0,-0.999535,10.3626,3.74575,1.9951
0.0185991,0,-0.999535,10.3629,3.7465,1.97964
0.0185991,0,-0.999535,10.3626,3.7468,1.965
0.0185991,0,-0.999535,10.3619,3.7468,1.95125
0.0185991,0,-0.999535,10.3607,3.74663,1.93776
0.0185991,0,-0.999535,10.3592,3.74637,1.92347
0.305878,0,-0.998698,10.3574,3.74612,1.90737
0.305878,0,-0.998698,10.3552,3.74591,1.88988
0.305878,0,-0.998698,10.3525,3.74576,1.87155
0.305878,0,-0.998698,10.3492,3.74571,1.85225
0.305878,0,-0.998698,10.3454,3.74577,1.83204
0.305878,0,-0.998698,10.3413,3.74593,1.81171
0.305878,0,-0.998698,10.3368,3.74629,1.79289
0.305878,0,-0.998698,10.3324,3.74701,1.77739
0.305878,0,-0.998698,10.3284,3.74822,1.76669
0.305878,0,-0.998698,10.3248,3.75006,1.75918
1,0,-0.979229,10.3197,3.75357,1.74042
1,0,-0.979229,10.3136,3.75755,1.71872
1,0,-0.979229,10.3076,3.76202,1.69594
1,0,-0.979229,10.3016,3.76708,1.67263
1,0,-0.979229,10.2964,3.77266,1.64903
1,0,-0.979229,10.2923,3.77848,1.6257
1,0,-0.979229,10.2893,3.78435,1.60365
1,0,-0.979229,10.2873,3.79037,1.58389
1,0,-0.979229,10.2859,3.79685,1.56546
1,0,-0.716441,10.285,3.80358,1.54756
1,0,-0.716441,10.2847,3.81023,1.53206
1,0,-0.716441,10.2848,3.8166,1.51965
1,0,-0.716441,10.2853,3.82268,1.50853
1,0,-0.716441,10.286,3.82866,1.49741
1,0,-0.716441,10.287,3.8348,1.4858
1,0,-0.716441,10.2884,3.84146,1.47413
1,0,-0.716441,10.2906,3.84897,1.46362
1,0,-0.716441,10.2935,3.85754,1.45587
1,0,-0.716441,10.2975,3.86724,1.45197
1,0,-0.716441,10.3023,3.87802,1.45154
1,0,-0.164545,10.3073,3.8899,1.45349
1,0,-0.164545,10.3117,3.90274,1.4636
1,0,-0.164545,10.3157,3.91657,1.48148
1,0,-0.164545,10.319,3.93136,1.4994
1,0,-0.164545,10.322,3.94569,1.50375
1,0,-0.164545,10.325,3.95952,1.50232
1,0,-0.164545,10.3287,3.97238,1.50038
1,0,-0.164545,10.3328,3.98423,1.49959
1,0,-0.164545,10.3368,3.9955,1.4997
1,0,-0.164545,10.3403,4.00678,1.4998
1,0,-0.164545,10.3431,4.0185,1.49857
1,0,-0.827194,10.3451,4.0309,1.49556
1,0,-0.827194,10.3466,4.04381,1.48667
1,0,-0.827194,10.3481,4.05717,1.47189
1,0,-0.827194,10.3495,4.07119,1.45591
1,0,-0.827194,10.3508,4.08623,1.44116
1,0,-0.827194,10.3519,4.10257,1.42753
1,0,-0.827194,10.353,4.12042,1.41372
1,0,-0.827194,10.3547,4.13962,1.39832
1,0,-0.827194,10.3576,4.1595,1.3809
1,0,-0.0674574,10.3603,4.17865,1.36982
1,0,-0.0674574,10.3634,4.19661,1.36371
1,0,-0.0674574,10.3685,4.21403,1.36181
1,0,-0.0674574,10.3738,4.23083,1.36374
1,0,-0.0674574,10.3782,4.2469,1.36647
1,0,-0.0674574,10.3817,4.26195,1.36806
1,0,-0.0674574,10.3847,4.27614,1.36827
1,0,-0.0674574,10.3878,4.28972,1.368
1,0,-0.0674574,10.3915,4.30314,1.36775
1,0,-0.0674574,10.3959,4.31673,1.36702
1,0,-0.0674574,10.4011,4.33071,1.36466
1,0,0.219031,10.4069,4.34511,1.35892
1,0,0.219031,10.413,4.35941,1.35246
1,0,0.219031,10.4193,4.37334,1.34738
1,0,0.219031,10.4258,4.38714,1.34308
1,0,0.219031,10.4328,4.4014,1.33942
1,0,0.219031,10.4403,4.41671,1.33773
1,0,0.219031,10.4482,4.4335,1.33981
1,0,0.219031,10.4555,4.45205,1.3466
1,0,0.219031,10.4624,4.4717,1.35445
1,0,-0.244173,10.4688,4.48898,1.3533
1,0,-0.244173,10.4733,4.50664,1.35445
1,0,-0.244173,10.4767,4.52392,1.35344
1,0,-0.244173,10.4798,4.54,1.35136
1,0,-0.244173,10.4829,4.55463,1.35042
1,0,-0.244173,10.4857,4.56807,1.35124
1,0,-0.244173,10.4879,4.58078,1.353
1,0,-0.244173,10.4896,4.5932,1.35442
1,0,-0.244173,10.4908,4.60581,1.35464
1,0,-0.244173,10.4917,4.61919,1.35474
1,0,0.134361,10.4921,4.63321,1.35458
1,0,0.134361,10.4921,4.64764,1.35621
1,0,0.134361,10.4921,4.6624,1.36131
1,0,0.134361,10.4919,4.67755,1.36922
1,0,0.134361,10.4918,4.69314,1.37859
1,0,0.134361,10.4915,4.70939,1.38832
1,0,0.134361,10.4912,4.72671,1.39797
1,0,0.134361,10.4911,4.74525,1.40633
1,0,-0.43283,10.4915,4.7648,1.41174
1,0,-0.43283,10.4928,4.78518,1.41014
1,0,-0.43283,10.492,4.80538,1.40858
1,0,-0.43283,10.493,4.82536,1.40078
1,0,-0.43283,10.4961,4.84515,1.39024
1,0,-0.43283,10.4996,4.86405,1.38146
1,0,-0.43283,10.5025,4.88149,1.37467
1,0,-0.43283,10.5046,4.89741,1.36764
1,0,-0.43283,10.5063,4.91213,1.35905
1,0,-0.43283,10.508,4.92616,1.34892
1,0,-0.43283,10.51,4.93997,1.33822
1,0,0.0241074,10.5125,4.95407,1.32794
1,0,0.0241074,10.5156,4.96862,1.3213
1,0,0.0241074,10.5192,4.98303,1.32028
1,0,0.0241074,10.5231,4.99694,1.32143
1,0,0.0241074,10.5275,5.01035,1.32157
1,0,0.0241074,10.5324,5.02365,1.31962
1,0,0.0241074,10.538,5.0374,1.31673
1,0,0.0241074,10.5445,5.05205,1.31527
1,0,0.0241074,10.5517,5.06796,1.31702
1,0,0.0241074,10.5589,5.08551,1.32242
1,0,0.758942,10.5657,5.10461,1.33057
1,0,0.758942,10.5722,5.1241,1.34176
1,0,0.758942,10.5779,5.14243,1.35715
1,0,0.758942,10.5824,5.16055,1.37421
1,0,0.758942,10.5865,5.17756,1.38847
1,0,0.758942,10.5906,5.19304,1.40242
1,0,0.758942,10.5947,5.20708,1.41746
1,0,0.758942,10.5986,5.2202,1.4337
1,0,0.758942,10.602,5.23303,1.45051
1,0,0.758942,10.6048,5.24607,1.46683
1,0,0.758942,10.607,5.25979,1.4825
1,0,-0.089349,10.6085,5.27415,1.49694
1,0,-0.089349,10.6094,5.28882,1.50312
1,0,-0.089349,10.6101,5.30356,1.49937
1,0,-0.089349,10.6103,5.31859,1.49218
1,0,-0.089349,10.6102,5.3344,1.48626
1,0,-0.089349,10.6097,5.35137,1.48261
1,0,-0.089349,10.6092,5.36968,1.47991
1,0,-0.089349,10.6093,5.3892,1.47574
1,0,-0.089349,10.6104,5.4096,1.46854
1,0,-0.563952,10.611,5.43012,1.46455
1,0,-0.563952,10.6119,5.44908,1.45873
1,0,-0.563952,10.6148,5.46783,1.44349
1,0,-0.563952,10.6184,5.48592,1.42929
1,0,-0.563952,10.6216,5.50286,1.41774
1,0,-0.563952,10.6241,5.51838,1.40582
1,0,-0.563952,10.6261,5.53269,1.39211
1,0,-0.563952,10.6281,5.54623,1.37654
1,0,-0.563952,10.6304,5.55953,1.36016
1,0,-0.563952,10.6332,5.57319,1.34425
1,0,-0.563952,10.6366,5.5874,1.32868
1,0,0.870651,10.6406,5.60163,1.31427
1,0,0.870651,10.6448,5.6153,1.31166
1,0,0.870651,10.6492,5.62821,1.32446
1,0,0.870651,10.654,5.64072,1.34274
1,0,0.870651,10.6595,5.65354,1.36042
1,0,0.870651,10.6656,5.6675,1.37721
1,0,0.870651,10.6715,5.68313,1.39593
1,0,0.509884,10.6765,5.70044,1.41843
1,0,0.509884,10.6807,5.71846,1.43454
1,0,0.509884,10.6844,5.73481,1.4399
1,0,0.509884,10.6867,5.75118,1.44797
1,0,0.509884,10.6882,5.7667,1.45938
1,0,0.509884,10.6892,5.78103,1.47386
1,0,0.509884,10.6895,5.79421,1.49002
1,0,0.509884,10.6891,5.80651,1.50594
1,0,0.509884,10.6879,5.81832,1.51981
1,0,0.509884,10.6861,5.83006,1.53092
1,0,-0.648086,10.6839,5.84235,1.54086
1,0,-0.648086,10.6816,5.85529,1.54201
1,0,-0.648086,10.6791,5.86863,1.53109
1,0,-0.648086,10.6764,5.88234,1.51568
1,0,-0.648086,10.6734,5.8966,1.50152
1,0,-0.648086,10.6702,5.91166,1.49006
1,0,-0.648086,10.6671,5.92774,1.48045
1,0,-0.648086,10.6649,5.94488,1.47221
1,0,-0.648086,10.6641,5.96278,1.46424
1,0,-0.648086,10.6639,5.98083,1.45849
1,0,-0.648086,10.6628,5.99759,1.45852
1,0,-0.648086,10.6629,6.01436,1.45072
1,0,0.441164,10.6637,6.03075,1.43698
1,0,0.441164,10.6645,6.04631,1.42785
1,0,0.441164,10.6647,6.06088,1.42932
1,0,0.441164,10.6648,6.07457,1.43784
1,0,0.441164,10.6649,6.0873,1.44657
1,0,0.441164,10.6652,6.09936,1.45219
1,0,0.441164,10.6663,6.11116,1.4567
1,0,0.441164,10.6682,6.12307,1.46168
1,0,0.441164,10.6708,6.13541,1.46714
1,0,0.441164,10.6741,6.1484,1.47148
1,0,0.722401,10.678,6.16174,1.47369
1,0,0.722401,10.6823,6.17496,1.476
1,0,0.722401,10.6868,6.18794,1.47986
1,0,0.722401,10.6915,6.201,1.48456
1,0,0.722401,10.6967,6.21465,1.49036
1,0,0.722401,10.7021,6.22945,1.49874
1,0,0.722401,10.7071,6.24573,1.51095
1,0,0.722401,10.7111,6.26335,1.52565
1,0,0.722401,10.7145,6.2809,1.5352
1,0,0.722401,10.7175,6.29758,1.5443
1,0,0.0968393,10.7187,6.31439,1.56014
1,0,0.0968393,10.7187,6.33059,1.57252
1,0,0.0968393,10.7184,6.34578,1.57844
1,0,0.0968393,10.7179,6.35976,1.58117
1,0,0.0968393,10.7168,6.3726,1.58356
1,0,0.0968393,10.7151,6.38463,1.58615
1,0,0.0968393,10.7127,6.3963,1.58809
1,0,0.0968393,10.7098,6.40822,1.58917
1,0,0.0968393,10.7067,6.42087,1.59086
1,0,0.0968393,10.7033,6.43403,1.59282
1,0,0.785095,10.6997,6.44756,1.59514
1,0,0.785095,10.696,6.4615,1.60396
1,0,0.785095,10.692,6.47589,1.62174
1,0,0.785095,10.6878,6.49078,1.64423
1,0,0.785095,10.6832,6.50634,1.66819
1,0,0.785095,10.6784,6.52292,1.69228
1,0,0.785095,10.6733,6.54039,1.71314
1,0,0.785095,10.668,6.55878,1.72923
1,0,0.785095,10.6627,6.57843,1.74081
1,0,-0.940317,10.6547,6.59909,1.74793
1,0,-0.940317,10.6474,6.61919,1.74606
1,0,-0.940317,10.6424,6.63981,1.73032
1,0,-0.940317,10.6385,6.65967,1.71015
1,0,-0.940317,10.6346,6.67787,1.68825
1,0,-0.940317,10.6305,6.69432,1.6653
1,0,-0.940317,10.6259,6.70956,1.6412
1,0,-0.940317,10.6215,6.72417,1.61675
1,0,-0.940317,10.6171,6.73856,1.59461
1,0,0.965107,10.6127,6.75335,1.57653
1,0,0.965107,10.6094,6.76813,1.57714
1,0,0.965107,10.6073,6.78213,1.60188
1,0,0.965107,10.6062,6.79548,1.63467
1,0,0.965107,10.6062,6.80867,1.66349
1,0,0.965107,10.6068,6.82207,1.68584
1,0,0.965107,10.6076,6.83587,1.70519
1,0,0.965107,10.6082,6.85025,1.72562
1,0,0.965107,10.6079,6.8654,1.74962
1,0,0.965107,10.606,6.88172,1.77454
1,0,0.964969,10.603,6.89812,1.79667
1,0,0.964969,10.5998,6.91276,1.81589
1,0,0.964969,10.5954,6.92708,1.838
1,0,0.964969,10.5908,6.94068,1.85782
1,0,0.964969,10.5863,6.9531,1.87696
1,0,0.964969,10.582,6.96416,1.89717
1,0,0.964969,10.5776,6.97399,1.91828
1,0,0.964969,10.5729,6.98301,1.93932
1,0,0.964969,10.5676,6.99175,1.95942
1,0,0.964969,10.5615,7.0008,1.97917
1,0,0.563557,10.5547,7.0102,1.99834
1,0,0.563557,10.5472,7.01983,2.01372
1,0,0.563557,10.5395,7.02952,2.02485
1,0,0.563557,10.5314,7.03925,2.03491
1,0,0.563557,10.5228,7.04925,2.04616
1,0,0.563557,10.5135,7.05991,2.0592
1,0,0.563557,10.5036,7.07169,2.07377
1,0,0.563557,10.4932,7.08502,2.08904
1,0,0.563557,10.483,7.0998,2.10055
1,0,0.563557,10.4722,7.11479,2.10574
1,0,0.563557,10.4603,7.12894,2.112
1,0,-0.466022,10.4502,7.14312,2.11599
1,0,-0.466022,10.4416,7.15818,2.11532
1,0,-0.466022,10.4337,7.17335,2.10982
1,0,-0.466022,10.4261,7.18776,2.09851
1,0,-0.466022,10.4186,7.20113,2.08313
1,0,-0.466022,10.4111,7.21378,2.06567
1,0,-0.466022,10.4038,7.22634,2.048
1,0,-0.466022,10.3966,7.23948,2.03248
1,0,-0.466022,10.3896,7.25359,2.01963
1,0,-0.466022,10.3833,7.26815,2.0104
1,0,0.779551,10.3778,7.28259,2.00402
1,0,0.779551,10.3731,7.29654,2.00725
1,0,0.779551,10.369,7.31012,2.02176
1,0,0.779551,10.3653,7.324,2.03999
1,0,0.779551,10.3617,7.3389,2.05814
1,0,0.779551,10.3573,7.35509,2.07625
1,0,0.779551,10.351,7.37234,2.0954
1,0,0.779551,10.3429,7.39008,2.11544
1,0,0.779551,10.3348,7.40655,2.12751
1,0,0.779551,10.3271,7.42157,2.13904
1,0,0.779551,10.3188,7.43533,2.15505
1,0,0.779551,10.3108,7.44792,2.17227
1,0,0.779551,10.3032,7.45938,2.19105
1,0,-0.611873,10.2961,7.4697,2.21102
1,0,-0.611873,10.2892,7.47917,2.22104
1,0,-0.611873,10.2823,7.48813,2.21538
1,0,-0.611873,10.2749,7.49665,2.2011
1,0,-0.611873,10.2664,7.5051,2.18605
1,0,-0.611873,10.2568,7.51359,2.17384
1,0,-0.611873,10.2465,7.52212,2.16348
1,0,-0.611873,10.236,7.53084,2.15415
1,0,-0.611873,10.2251,7.53992,2.14596
1,0,-0.611873,10.2138,7.54946,2.13829
1,0,-0.283054,10.2023,7.55971,2.13024
1,0,-0.283054,10.191,7.57102,2.12479
1,0,-0.283054,10.1799,7.58363,2.12459
1,0,-0.283054,10.1693,7.59752,2.12698
1,0,-0.283054,10.1575,7.61029,2.13326
1,0,-0.283054,10.1466,7.62338,2.13602
1,0,-0.283054,10.1365,7.63697,2.13249
1,0,-0.283054,10.1271,7.6504,2.12442
1,0,-0.283054,10.1182,7.66336,2.11295
1,0,-0.283054,10.1101,7.67577,2.10054
1,0,-0.283054,10.1027,7.68758,2.09069
1,0,-0.0468935,10.0961,7.69909,2.08326
1,0,-0.0468935,10.0899,7.71061,2.07944
1,0,-0.0468935,10.084,7.72245,2.07895
1,0,-0.0468935,10.0782,7.73505,2.07838
1,0,-0.0468935,10.0726,7.74828,2.07573
1,0,-0.0468935,10.0674,7.76172,2.07065
1,0,-0.0468935,10.0625,7.77508,2.06341
1,0,-0.0468935,10.058,7.78846,2.05486
1,0,-0.0468935,10.0538,7.80227,2.04634
1,0,-0.0468935,10.0498,7.81704,2.03956
1,0,0.774222,10.0456,7.83314,2.03616
1,0,0.774222,10.0406,7.8506,2.04251
1,0,0.774222,10.0339,7.8691,2.06015
1,0,0.774222,10.0265,7.88786,2.0787
1,0,0.774222,10.0193,7.9051,2.09166
1,0,0.774222,10.0105,7.92148,2.10635
1,0,0.774222,10.0015,7.93669,2.12079
1,0,0.774222,9.99313,7.95063,2.13675
1,0,0.774222,9.98575,7.96335,2.15467
1,0,0.62275,9.97894,7.97504,2.17375
1,0,0.62275,9.97221,7.98596,2.19143
1,0,0.62275,9.96514,7.99637,2.20585
1,0,0.62275,9.95743,8.0066,2.2173
1,0,0.62275,9.94878,8.01698,2.22771
1,0,0.62275,9.93926,8.02742,2.23738
1,0,0.62275,9.92911,8.03787,2.2467
1,0,0.62275,9.91852,8.04837,2.25672
1,0,0.62275,9.90751,8.05902,2.26829
1,0,0.62275,9.89595,8.06996,2.28147
1,0,0.62275,9.88369,8.08132,2.29563
1,0,0.62275,9.87061,8.09327,2.30922
1,0,0.0863046,9.85674,8.10594,2.31978
1,0,0.0863046,9.84233,8.11972,2.32194
1,0,0.0863046,9.82687,8.13439,2.31578
1,0,0.0863046,9.81073,8.14799,2.31261
1,0,0.0863046,9.79621,8.16205,2.3113
1,0,0.0863046,9.78273,8.17652,2.31347
1,0,0.0863046,9.76988,8.1901,2.31891
1,0,0.0863046,9.75754,8.20232,2.3218
1,0,0.0863046,9.7457,8.21335,2.32066
1,0,0.703941,9.73429,8.22375,2.31638
1,0,0.703941,9.72313,8.23399,2.31516
1,0,0.703941,9.7121,8.24454,2.32114
1,0,0.703941,9.70107,8.25588,2.33234
1,0,0.703941,9.69011,8.26826,2.34458
1,0,0.703941,9.67951,8.28129,2.35536
1,0,0.703941,9.6694,8.29453,2.36373
1,0,0.703941,9.65968,8.30785,2.37002
1,0,0.703941,9.65007,8.32153,2.37557
1,0,0.703941,9.64013,8.33604,2.38287
1,0,0.703941,9.62924,8.3514,2.39425
1,0,0.703941,9.61669,8.3671,2.40977
1,0,0.703941,9.60271,8.3827,2.42553
1,0,0.637037,9.58914,8.3974,2.43494
1,0,0.637037,9.5756,8.41084,2.44623
1,0,0.637037,9.56155,8.42294,2.45895
1,0,0.637037,9.54796,8.43381,2.47222
1,0,0.637037,9.53522,8.44357,2.48629
1,0,0.637037,9.52335,8.45229,2.50086
1,0,0.637037,9.51209,8.46012,2.51525
1,0,0.637037,9.50106,8.4673,2.52885
1,0,0.637037,9.48986,8.47412,2.54136
1,0,0.822269,9.47801,8.48089,2.55375
1,0,0.822269,9.46535,8.48759,2.56776
1,0,0.822269,9.452,8.49415,2.58362
1,0,0.822269,9.4381,8.50059,2.60055
1,0,0.822269,9.42378,8.5069,2.61818
1,0,0.822269,9.409,8.51309,2.63639
1,0,0.822269,9.39362,8.51923,2.65499
1,0,0.822269,9.37748,8.52536,2.67322
1,0,0.822269,9.3604,8.53163,2.68957
1,0,0.822269,9.3421,8.53846,2.70257
1,0,0.822269,9.32226,8.54615,2.71173
1,0,0.822269,9.30049,8.55327,2.71726
1,0,0.822269,9.27917,8.55835,2.72756
1,0,-0.824469,9.25903,8.56441,2.73827
1,0,-0.824469,9.24015,8.57087,2.74124
1,0,-0.824469,9.22231,8.57707,2.73233
1,0,-0.824469,9.2054,8.58263,2.71381
1,0,-0.824469,9.18917,8.58745,2.69012
1,0,-0.824469,9.1733,8.5918,2.66424
1,0,-0.824469,9.15761,8.59618,2.63909
1,0,-0.824469,9.14187,8.60104,2.61788
1,0,-0.824469,9.12634,8.60662,2.60227
1,0,0.982548,9.11155,8.61277,2.59254
1,0,0.982548,9.0978,8.61925,2.59952
1,0,0.982548,9.08507,8.62603,2.62489
1,0,0.982548,9.07301,8.63363,2.65488
1,0,0.982548,9.06092,8.64233,2.68175
1,0,0.982548,9.04807,8.65182,2.70545
1,0,0.982548,9.03398,8.66133,2.72917
1,0,0.982548,9.01849,8.67009,2.75535
1,0,0.982548,9.00196,8.67795,2.78239
1,0,0.982548,8.98502,8.68484,2.80843
1,0,0.982548,8.9707,8.69067,2.82561
1,0,0.880731,8.95674,8.69556,2.8457
1,0,0.880731,8.94374,8.69963,2.86726
1,0,0.880731,8.93172,8.70287,2.88915
1,0,0.880731,8.9205,8.70529,2.91058
1,0,0.880731,8.90975,8.70688,2.93095
1,0,0.880731,8.89897,8.70781,2.94976
1,0,0.880731,8.88761,8.70824,2.96792
1,0,0.880731,8.87569,8.70816,2.98508
1,0,0.880731,8.86333,8.70768,3.00124
1,0,0.880731,8.8506,8.70691,3.01738
1,0,0.880731,8.83748,8.7059,3.03452
1,0,0.880731,8.82386,8.70466,3.05316
1,0,0.218576,8.80947,8.70319,3.07344
1,0,0.218576,8.79408,8.70164,3.09022
1,0,0.218576,8.77758,8.70032,3.09821
1,0,0.218576,8.76008,8.69943,3.09753
1,0,0.218576,8.74189,8.69945,3.0903
1,0,0.218576,8.72318,8.69746,3.091
1,0,0.218576,8.70515,8.69698,3.09678
1,0,0.218576,8.68716,8.6982,3.09781
1,0,0.351645,8.66981,8.7,3.09915
1,0,0.351645,8.6535,8.70138,3.09943
1,0,0.351645,8.63828,8.70215,3.09795
1,0,0.351645,8.62382,8.70261,3.09514
1,0,0.351645,8.60964,8.70328,3.09269
1,0,0.351645,8.59523,8.70449,3.09217
1,0,0.351645,8.58016,8.70635,3.09386
1,0,0.351645,8.56437,8.70891,3.09597
1,0,0.351645,8.54842,8.71204,3.09768
1,0,0.351645,8.53277,8.71551,3.09834
1,0,0.488924,8.51744,8.71921,3.09768
1,0,0.488924,8.50201,8.72324,3.09725
1,0,0.488924,8.48584,8.72773,3.09935
1,0,0.488924,8.46837,8.73253,3.10561
1,0,0.488924,8.44922,8.73686,3.11632
1,0,0.488924,8.42842,8.74004,3.12967
1,0,0.488924,8.4076,8.74282,3.1389
1,0,0.488924,8.38833,8.74507,-3.13738
1,0,0.488924,8.36931,8.7456,-3.12718
1,0,0.488924,8.35129,8.7453,-3.11746
1,0,0.488924,8.33466,8.74483,-3.10729
1,0,0.42151,8.31947,8.74436,-3.0959
1,0,0.42151,8.30545,8.74377,-3.08394
1,0,0.42151,8.29215,8.74285,-3.07252
1,0,0.42151,8.27911,8.74143,-3.06219
1,0,0.42151,8.26586,8.73947,-3.05303
1,0,0.42151,8.25195,8.73692,-3.04393
1,0,0.42151,8.23752,8.73378,-3.03523
1,0,0.42151,8.22273,8.73021,-3.02701
1,0,0.42151,8.20764,8.72634,-3.01832
1,0,0.42151,8.19222,8.72219,-3.00851
1,0,-0.189338,8.17631,8.71772,-2.99761
1,0,-0.189338,8.15964,8.7129,-2.99055
1,0,-0.189338,8.14181,8.70787,-2.99062
1,0,-0.189338,8.12266,8.70299,-2.9965
1,0,-0.189338,8.10225,8.69892,-3.00592
1,0,-0.189338,8.08248,8.69364,-3.0077
1,0,-0.189338,8.06337,8.68958,-3.00862
1,0,-0.189338,8.04386,8.68746,-3.01202
1,0,-0.189338,8.02495,8.68596,-3.01353
1,0,-0.189338,8.00752,8.68416,-3.014
1,0,0.529756,7.99174,8.682,-3.01704
1,0,0.529756,7.97735,8.67959,-3.01937
1,0,0.529756,7.96383,8.67717,-3.01798
1,0,0.529756,7.95043,8.67511,-3.01385
1,0,0.529756,7.93659,8.67358,-3.00793
1,0,0.529756,7.92202,8.67259,-3.00124
1,0,0.529756,7.90669,8.67214,-2.99557
1,0,0.529756,7.8911,8.6722,-2.99156
1,0,0.529756,7.87565,8.67263,-2.9893
1,0,0.529756,7.86035,8.67334,-2.98842
1,0,0.529756,7.84474,8.67434,-2.98785
1,0,0.529756,7.8282,8.67559,-2.98551
1,0,0.47907,7.81035,8.67664,-2.97916
1,0,0.47907,7.79123,8.6767,-2.9686
1,0,0.47907,7.77121,8.67574,-2.95766
1,0,0.47907,7.75236,8.6748,-2.95316
1,0,0.47907,7.7339,8.67267,-2.94582
1,0,0.47907,7.71614,8.66934,-2.93726
1,0,0.47907,7.69952,8.66567,-2.92801
1,0,0.47907,7.68422,8.66204,-2.91758
1,0,0.47907,7.67023,8.65849,-2.90616
1,0,0.47907,7.65729,8.65486,-2.89454
1,0,0.47907,7.64492,8.65096,-2.88349
1,0,-0.416658,7.63268,8.64665,-2.87344
1,0,-0.416658,7.62001,8.64188,-2.87052
1,0,-0.416658,7.60683,8.63655,-2.87672
1,0,-0.416658,7.59336,8.63064,-2.88683
1,0,-0.416658,7.57961,8.62424,-2.89621
1,0,-0.416658,7.56539,8.61739,-2.90271
1,0,-0.416658,7.55042,8.61015,-2.90664
1,0,-0.416658,7.53445,8.60263,-2.90945
1,0,-0.00665203,7.51723,8.59521,-2.91238
1,0,-0.00665203,7.49886,8.58835,-2.91374
1,0,-0.00665203,7.47977,8.58235,-2.91308
1,0,-0.00665203,7.46232,8.5751,-2.90423
1,0,-0.00665203,7.44496,8.56927,-2.8996
1,0,-0.00665203,7.42712,8.56526,-2.89917
1,0,-0.00665203,7.40965,8.56194,-2.90038
1,0,-0.00665203,7.39327,8.55848,-2.90193
1,0,-0.00665203,7.37814,8.55483,-2.90403
1,0,-0.00665203,7.36397,8.55129,-2.90712
1,0,-0.00665203,7.35026,8.54813,-2.91111
1,0,-0.00665203,7.33652,8.54542,-2.91539
1,0,-0.159247,7.32239,8.54315,-2.91946
1,0,-0.159247,7.30756,8.54124,-2.92456
1,0,-0.159247,7.29205,8.53972,-2.93228
1,0,-0.159247,7.27647,8.53863,-2.94166
1,0,-0.159247,7.26123,8.53793,-2.95186
1,0,-0.159247,7.24623,8.5376,-2.96241
1,0,-0.159247,7.23097,8.53766,-2.97256
1,0,-0.159247,7.21481,8.53817,-2.98105
1,0,0.274288,7.19729,8.53899,-2.98698
1,0,0.274288,7.17809,8.53954,-2.98687
1,0,0.274288,7.1572,8.5391,-2.97922
1,0,0.274288,7.13524,8.53781,-2.96851
1,0,0.274288,7.11433,8.53708,-2.96378
1,0,0.274288,7.09414,8.53538,-2.95868
1,0,0.274288,7.07497,8.53321,-2.95505
1,0,0.274288,7.05724,8.53123,-2.95181
1,0,0.274288,7.04099,8.52965,-2.9468
1,0,0.274288,7.02594,8.5283,-2.94002
1,0,0.141092,7.01153,8.52681,-2.93255
1,0,0.141092,6.99728,8.52492,-2.9266
1,0,0.141092,6.9828,8.5224,-2.9233
1,0,0.141092,6.96779,8.51908,-2.92111
1,0,0.141092,6.9524,8.51498,-2.91944
1,0,0.141092,6.93677,8.51034,-2.91778
1,0,0.141092,6.92089,8.50531,-2.91509
1,0,0.141092,6.90463,8.49993,-2.9109
1,0,0.141092,6.88777,8.49413,-2.90562
1,0,0.141092,6.87009,8.48786,-2.90018
1,0,-0.0410168,6.85143,8.48123,-2.89621
1,0,-0.0410168,6.83151,8.47463,-2.89611
1,0,-0.0410168,6.80997,8.46846,-2.90036
1,0,-0.0410168,6.78815,8.46098,-2.90352
1,0,-0.0410168,6.76772,8.45401,-2.90408
1,0,-0.0410168,6.7468,8.44832,-2.90768
1,0,-0.0410168,6.72679,8.44294,-2.91048
1,0,-0.0410168,6.70855,8.43727,-2.91127
1,0,-0.0410168,6.69196,8.43142,-2.9116
1,0,-0.0410168,6.6765,8.42571,-2.91236
1,0,-0.0570104,6.66158,8.42036,-2.91369
1,0,-0.0570104,6.64666,8.41544,-2.9154
1,0,-0.0570104,6.63141,8.41092,-2.91755
1,0,-0.0570104,6.61557,8.40671,-2.92062
1,0,-0.0570104,6.59923,8.40295,-2.92539
1,0,-0.0570104,6.58296,8.3997,-2.93116
1,0,-0.0570104,6.56701,8.39699,-2.93717
1,0,-0.0570104,6.55114,8.3948,-2.94273
1,0,-0.0570104,6.53472,8.39316,-2.94694
1,0,-0.0570104,6.51723,8.39203,-2.94881
1,0,0.269268,6.4983,8.39097,-2.94823
1,0,0.269268,6.47779,8.38924,-2.9432
1,0,0.269268,6.45591,8.38638,-2.93283
1,0,0.269268,6.43329,8.38284,-2.92066
1,0,0.269268,6.4121,8.38024,-2.91384
1,0,0.269268,6.39161,8.37767,-2.90752
1,0,0.269268,6.37251,8.37529,-2.90416
1,0,0.269268,6.35502,8.37315,-2.90064
1,0,0.269268,6.33898,8.37112,-2.89555
1,0,0.269268,6.32391,8.36896,-2.88934
1,0,0.269268,6.30922,8.36644,-2.8832
1,0,0.597261,6.2944,8.36341,-2.87795
1,0,0.597261,6.27905,8.35962,-2.87022
1,0,0.597261,6.26332,8.35504,-2.85914
1,0,0.597261,6.24736,8.3499,-2.84668
1,0,0.597261,6.23129,8.34435,-2.83375
1,0,0.597261,6.21514,8.3384,-2.82068
1,0,0.597261,6.19885,8.33202,-2.80771
1,0,0.597261,6.18227,8.32508,-2.79524
1,0,0.597261,6.16512,8.31751,-2.78387
1,0,0.597261,6.14674,8.30931,-2.77442
1,0,-0.264092,6.12652,8.30044,-2.76784
1,0,-0.264092,6.1045,8.29116,-2.76945
1,0,-0.264092,6.08244,8.2808,-2.77839
1,0,-0.264092,6.06256,8.27014,-2.78526
1,0,-0.264092,6.04303,8.26086,-2.79143
1,0,-0.264092,6.0249,8.25224,-2.79412
1,0,-0.264092,6.00836,8.24406,-2.79692
1,0,-0.264092,5.99312,8.2362,-2.80135
1,0,-0.264092,5.97859,8.22866,-2.80706
1,0,-0.264092,5.96424,8.22143,-2.81329
1,0,0.00315034,5.94966,8.21451,-2.81917
1,0,0.00315034,5.93442,8.20777,-2.82289
1,0,0.00315034,5.91874,8.20144,-2.82394
1,0,0.00315034,5.90308,8.1957,-2.8239
1,0,0.00315034,5.88768,8.19061,-2.82434
1,0,0.00315034,5.87234,8.18615,-2.82573
1,0,0.00315034,5.85654,8.18226,-2.82732
1,0,0.00315034,5.83971,8.17884,-2.82752
1,0,0.00315034,5.82155,8.17549,-2.82513
1,0,0.00315034,5.80189,8.17146,-2.81999
1,0,0.00315034,5.78087,8.16622,-2.81213
1,0,0.792771,5.75903,8.1601,-2.80322
1,0,0.792771,5.73804,8.15441,-2.79309
1,0,0.792771,5.7183,8.1489,-2.77798
1,0,0.792771,5.69987,8.1435,-2.76288
1,0,0.792771,5.68286,8.13864,-2.74736
1,0,0.792771,5.66715,8.13446,-2.7312
1,0,0.792771,5.65242,8.13065,-2.71463
1,0,0.792771,5.63825,8.12675,-2.69798
1,0,0.792771,5.6243,8.12237,-2.68187
1,0,0.792771,5.61021,8.11719,-2.66635
1,0,0.379462,5.59598,8.11105,-2.65163
1,0,0.379462,5.58181,8.10419,-2.6415
1,0,0.379462,5.56783,8.09683,-2.63669
1,0,0.379462,5.55395,8.089,-2.63366
1,0,0.379462,5.53992,8.08056,-2.62974
1,0,0.379462,5.52547,8.07134,-2.62433
1,0,0.379462,5.51039,8.06131,-2.61883
1,0,0.379462,5.4944,8.05065,-2.61529
1,0,0.379462,5.47697,8.03957,-2.61489
1,0,0.379462,5.45788,8.02817,-2.61755
1,0,0.379462,5.43911,8.01508,-2.6197
1,0,0.379462,5.42178,8.00269,-2.61809
1,0,0.232413,5.40461,7.99113,-2.6166
1,0,0.232413,5.38873,7.97997,-2.61379
1,0,0.232413,5.37432,7.96903,-2.60989
1,0,0.232413,5.36104,7.95834,-2.60637
1,0,0.232413,5.34837,7.94798,-2.60347
1,0,0.232413,5.33576,7.93795,-2.60094
1,0,0.232413,5.32282,7.92818,-2.5987
1,0,0.232413,5.30934,7.91861,-2.59681
1,0,0.232413,5.29517,7.90922,-2.5959
1,0,0.232413,5.28057,7.90022,-2.59607
1,0,0.428482,5.26593,7.89177,-2.59674
1,0,0.428482,5.25124,7.88384,-2.59613
1,0,0.428482,5.23606,7.87628,-2.59296
1,0,0.428482,5.21982,7.86886,-2.58674
1,0,0.428482,5.20229,7.86105,-2.57708
1,0,0.428482,5.18363,7.852,-2.56487
1,0,0.428482,5.16421,7.84114,-2.55145
1,0,0.428482,5.14443,7.82914,-2.53853
1,0,0.428482,5.12566,7.81824,-2.53097
1,0,0.428482,5.10769,7.80749,-2.52207
1,0,0.428984,5.09086,7.79718,-2.5141
1,0,0.428984,5.07549,7.78766,-2.50669
1,0,0.428984,5.06156,7.77883,-2.49841
1,0,0.428984,5.04877,7.77037,-2.48922
1,0,0.428984,5.03668,7.76189,-2.48005
1,0,0.428984,5.02485,7.75307,-2.47171
1,0,0.428984,5.01284,7.74359,-2.46386
1,0,0.428984,5.00064,7.73333,-2.45588
1,0,0.163319,4.98842,7.72246,-2.44784
1,0,0.163319,4.97622,7.71117,-2.44112
1,0,0.163319,4.96402,7.6995,-2.43602
1,0,0.163319,4.9517,7.68725,-2.43122
1,0,0.163319,4.93902,7.67418,-2.4263
1,0,0.163319,4.92571,7.66022,-2.42219
1,0,0.163319,4.91141,7.64556,-2.4204
1,0,0.163319,4.89562,7.63047,-2.42159
1,0,0.163319,4.87906,7.61424,-2.42451
1,0,0.163319,4.86483,7.59867,-2.42066
1,0,0.399497,4.84947,7.5842,-2.42001
1,0,0.399497,4.83417,7.57063,-2.41888
1,0,0.399497,4.82024,7.55763,-2.41543
1,0,0.399497,4.80788,7.54514,-2.41106
1,0,0.399497,4.79663,7.53326,-2.40728
1,0,0.399497,4.78589,7.522,-2.40433
1,0,0.399497,4.77508,7.51116,-2.4015
1,0,0.399497,4.76384,7.50051,-2.39832
1,0,0.399497,4.752,7.48992,-2.39505
1,0,0.399497,4.73944,7.47932,-2.39285
1,0,0.435483,4.7264,7.46899,-2.39227
1,0,0.435483,4.71323,7.45913,-2.39258
1,0,0.435483,4.69999,7.44972,-2.39311
1,0,0.435483,4.6863,7.44052,-2.39311
1,0,0.435483,4.67168,7.43114,-2.39098
1,0,0.435483,4.65598,7.42106,-2.38497
1,0,0.435483,4.63955,7.40952,-2.37522
1,0,0.435483,4.62281,7.39618,-2.36358
1,0,0.435483,4.60616,7.38233,-2.35416
1,0,0.435483,4.59058,7.36965,-2.34823
1,0,0.664,4.57583,7.35622,-2.33925
1,0,0.664,4.5623,7.34332,-2.329
1,0,0.664,4.55005,7.33136,-2.31618
1,0,0.664,4.53897,7.32035,-2.30173
1,0,0.664,4.52876,7.30998,-2.28699
1,0,0.664,4.51914,7.29983,-2.27287
1,0,0.664,4.50987,7.2895,-2.25964
1,0,0.664,4.50067,7.27854,-2.24667
1,0,0.664,4.49156,7.26676,-2.23358
1,0,-0.582626,4.48264,7.25429,-2.22088
1,0,-0.582626,4.47381,7.24143,-2.21745
1,0,-0.582626,4.46499,7.22827,-2.22654
1,0,-0.582626,4.45608,7.21439,-2.24096
1,0,-0.582626,4.44684,7.19943,-2.2554
1,0,-0.582626,4.43672,7.18345,-2.26824
1,0,-0.582626,4.42523,7.16706,-2.2808
1,0,-0.582626,4.41226,7.15092,-2.29368
1,0,-0.582626,4.40145,7.13564,-2.29305
1,0,-0.582626,4.38955,7.12151,-2.30102
1,0,-0.582626,4.37653,7.10899,-2.3142
1,0,-0.582626,4.36361,7.09748,-2.32643
1,0,-0.582626,4.35164,7.08671,-2.33874
1,0,-0.582626,4.34073,7.07678,-2.3528
0.850524,0,-0.940302,4.33052,7.06768,-2.36875
0.850524,0,-0.940302,4.32041,7.05922,-2.38941
0.850524,0,-0.940302,4.30999,7.05112,-2.4152
0.850524,0,-0.940302,4.29946,7.04249,-2.44238
0.850524,0,-0.940302,4.28822,7.03383,-2.46985
0.850524,0,-0.940302,4.27638,7.02598,-2.49623
0.850524,0,-0.940302,4.26441,7.01931,-2.52155
0.850524,0,-0.940302,4.25266,7.01383,-2.54607
0.850524,0,-0.940302,4.24114,7.00924,-2.56981
1,0,-0.649303,4.22942,7.00511,-2.59284
1,0,-0.649303,4.21703,7.00129,-2.61202
1,0,-0.649303,4.20364,6.99777,-2.62536
1,0,-0.649303,4.18907,6.99441,-2.63449
1,0,-0.649303,4.17331,6.99083,-2.64098
1,0,-0.649303,4.15665,6.98657,-2.64539
1,0,-0.649303,4.13904,6.98252,-2.6476
1,0,-0.649303,4.12152,6.978,-2.65061
1,0,-0.649303,4.10561,6.97363,-2.65534
1,0,-0.649303,4.09064,6.96895,-2.65913
1,0,0.0515965,4.07632,6.96448,-2.66262
1,0,0.0515965,4.06268,6.96031,-2.66291
1,0,0.0515965,4.04978,6.95639,-2.65919
1,0,0.0515965,4.03741,6.9527,-2.65418
1,0,0.0515965,4.02527,6.94891,-2.64977
1,0,0.0515965,4.01302,6.94454,-2.64653
1,0,0.0515965,4.00065,6.93923,-2.64413
1,0,0.0515965,3.98832,6.93304,-2.64298
1,0,0.0515965,3.976,6.92613,-2.64285
1,0,0.0515965,3.96359,6.91869,-2.643
1,0,-0.621748,3.95091,6.91074,-2.64282
1,0,-0.621748,3.93767,6.90214,-2.64647
1,0,-0.621748,3.92354,6.8927,-2.65636
1,0,-0.621748,3.9083,6.88237,-2.67055
1,0,-0.621748,3.89188,6.8715,-2.68792
1,0,-0.621748,3.87417,6.86094,-2.7071
1,0,-0.621748,3.85526,6.85102,-2.72447
1,0,-0.621748,3.8384,6.84094,-2.73233
1,0,-0.621748,3.82037,6.83244,-2.7455
1,0,0.67781,3.80235,6.8251,-2.7587
1,0,0.67781,3.78572,6.81817,-2.76112
1,0,0.67781,3.77108,6.81139,-2.75049
1,0,0.67781,3.75799,6.80508,-2.73448
1,0,0.67781,3.7455,6.79948,-2.71828
1,0,0.67781,3.73282,6.79448,-2.70335
1,0,0.67781,3.71957,6.78981,-2.69026
1,0,0.67781,3.70571,6.78532,-2.6799
1,0,0.67781,3.69128,6.78092,-2.6732
1,0,-0.092905,3.67643,6.77673,-2.66988
1,0,-0.092905,3.6613,6.77282,-2.67405
1,0,-0.092905,3.64575,6.76912,-2.68666
1,0,-0.092905,3.62946,6.76544,-2.70162
1,0,-0.092905,3.6122,6.76155,-2.71307
1,0,-0.092905,3.59407,6.75706,-2.7174
1,0,-0.092905,3.57532,6.75193,-2.71573
1,0,-0.092905,3.55607,6.74685,-2.71428
1,0,-0.092905,3.53776,6.74129,-2.71559
1,0,-0.092905,3.51975,6.73446,-2.71627
1,0,-0.192798,3.5025,6.72763,-2.71664
1,0,-0.192798,3.48638,6.72154,-2.71647
1,0,-0.192798,3.4715,6.71621,-2.7168
1,0,-0.192798,3.45767,6.71129,-2.71761
1,0,-0.192798,3.44452,6.70635,-2.71876
1,0,-0.192798,3.43164,6.70103,-2.72031
1,0,-0.192798,3.41852,6.69502,-2.72193
1,0,-0.192798,3.40502,6.68814,-2.72292
1,0,-0.192798,3.39135,6.68057,-2.7241
1,0,-0.192798,3.37752,6.67256,-2.72532
1,0,-0.192798,3.36344,6.66417,-2.72552
1,0,-0.192798,3.34899,6.65535,-2.72433
1,0,-0.192798,3.33402,6.646,-2.7224
1,0,-0.192798,3.31834,6.63607,-2.72058
1,0,-0.33569,3.30172,6.62568,-2.71987
1,0,-0.33569,3.28391,6.61521,-2.7222
1,0,-0.33569,3.26461,6.60513,-2.72773
1,0,-0.33569,3.2458,6.59438,-2.72997
1,0,-0.33569,3.22751,6.58421,-2.73358
1,0,-0.33569,3.20838,6.57534,-2.74127
1,0,-0.33569,3.18997,6.56697,-2.74879
1,0,-0.33569,3.17328,6.55872,-2.75465
1,0,0.230442,3.15825,6.55069,-2.75961
1,0,0.230442,3.1445,6.543,-2.76055
1,0,0.230442,3.13149,6.53574,-2.75599
1,0,0.230442,3.11855,6.52896,-2.74885
1,0,0.230442,3.1052,6.5226,-2.74184
1,0,0.230442,3.09113,6.5165,-2.73676
1,0,0.230442,3.07636,6.51071,-2.7351
1,0,0.230442,3.06141,6.50533,-2.73637
1,0,0.230442,3.04655,6.50038,-2.7394
1,0,0.381668,3.03159,6.49581,-2.7428
1,0,0.381668,3.01595,6.49156,-2.74394
1,0,0.381668,2.99913,6.48741,-2.74031
1,0,0.381668,2.981,6.4828,-2.7314
1,0,0.381668,2.96178,6.47687,-2.71873
1,0,0.381668,2.94188,6.46962,-2.70629
1,0,0.381668,2.92296,6.46261,-2.70006
1,0,0.381668,2.90459,6.45489,-2.69268
1,0,0.381668,2.88693,6.44683,-2.68463
1,0,0.381668,2.87058,6.4395,-2.67809
1,0,0.585816,2.85565,6.43288,-2.67115
1,0,0.585816,2.84203,6.42668,-2.66132
1,0,0.585816,2.82939,6.42049,-2.64826
1,0,0.585816,2.81723,6.41403,-2.63414
1,0,0.585816,2.80509,6.4071,-2.6207
1,0,0.585816,2.7926,6.39946,-2.60774
1,0,0.585816,2.7799,6.39108,-2.59547
1,0,0.585816,2.76713,6.38211,-2.5839
1,0,0.585816,2.75435,6.37265,-2.57231
1,0,0.585816,2.74154,6.36272,-2.56007
1,0,0.585816,2.72858,6.35224,-2.54704
1,0,0.585816,2.71529,6.34108,-2.5336
1,0,0.585816,2.70156,6.32916,-2.52114
1,0,0.0693501,2.68697,6.31649,-2.51112
1,0,0.0693501,2.67085,6.30315,-2.50795
1,0,0.0693501,2.65319,6.28917,-2.5129
1,0,0.0693501,2.63716,6.27362,-2.51564
1,0,0.0693501,2.62113,6.25948,-2.51675
1,0,0.0693501,2.60498,6.24658,-2.5149
1,0,0.0693501,2.5902,6.2342,-2.50982
1,0,0.0693501,2.57687,6.22232,-2.50659
1,0,0.0693501,2.56467,6.21093,-2.50631
1,0,0.0693501,2.55303,6.19995,-2.50829
1,0,0.0693501,2.54137,6.18929,-2.51089
1,0,0.0693501,2.52929,6.17883,-2.51286
1,0,0.87679,2.51654,6.16844,-2.51384
1,0,0.87679,2.50309,6.15812,-2.50946
1,0,0.87679,2.48935,6.14822,-2.49782
1,0,0.87679,2.47548,6.13894,-2.48378
1,0,0.87679,2.46137,6.13021,-2.47081
1,0,0.87679,2.44663,6.12171,-2.45912
1,0,0.87679,2.4309,6.11293,-2.44636
1,0,0.87679,2.41426,6.10311,-2.43038
1,0,0.87679,2.39723,6.09149,-2.41141
1,0,0.87679,2.38021,6.07856,-2.39279
1,0,0.833482,2.36466,6.06643,-2.37991
1,0,0.833482,2.35039,6.0541,-2.36392
1,0,0.833482,2.33753,6.04144,-2.34641
1,0,0.833482,2.32603,6.0292,-2.32826
1,0,0.833482,2.31576,6.0177,-2.30966
1,0,0.833482,2.3066,6.00694,-2.2913
1,0,0.833482,2.29835,5.99662,-2.27384
1,0,0.833482,2.2907,5.98636,-2.25758
1,0,0.833482,2.28322,5.97571,-2.24217
1,0,0.833482,2.2757,5.96429,-2.22653
1,0,0.833482,2.26825,5.95213,-2.21111
1,0,0.833482,2.26091,5.93939,-2.19582
1,0,0.833482,2.25372,5.92619,-2.17998
1,0,-0.718719,2.24663,5.91252,-2.16308
1,0,-0.718719,2.23944,5.89841,-2.15671
1,0,-0.718719,2.23178,5.88365,-2.1673
1,0,-0.718719,2.22317,5.86785,-2.18788
1,0,-0.718719,2.21317,5.85154,-2.21201
1,0,-0.718719,2.20238,5.83519,-2.23157
1,0,-0.718719,2.19324,5.81964,-2.23345
1,0,-0.718719,2.1827,5.80499,-2.24188
1,0,-0.718719,2.17137,5.79166,-2.26171
1,0,-0.718719,2.16027,5.7796,-2.28292
1,0,0.786004,2.15024,5.76841,-2.30456
1,0,0.786004,2.14166,5.75787,-2.31538
1,0,0.786004,2.13423,5.74793,-2.31008
1,0,0.786004,2.12699,5.73866,-2.29597
1,0,0.786004,2.11912,5.72991,-2.27911
1,0,0.786004,2.11021,5.72128,-2.26268
1,0,0.786004,2.10021,5.71244,-2.24891
1,0,0.592047,2.08946,5.70349,-2.23841
1,0,0.592047,2.07832,5.69461,-2.23213
1,0,0.592047,2.06695,5.68591,-2.22948
1,0,0.592047,2.05524,5.67727,-2.22782
1,0,0.592047,2.0429,5.66839,-2.22431
1,0,0.592047,2.02999,5.65866,-2.21667
1,0,0.592047,2.01707,5.64755,-2.20353
1,0,0.592047,2.0044,5.63519,-2.1891
1,0,0.592047,1.99214,5.62379,-2.18355
1,0,0.592047,1.98114,5.6115,-2.17437
1,0,0.39434,1.97125,5.59866,-2.16012
1,0,0.39434,1.96226,5.58605,-2.14392
1,0,0.39434,1.95438,5.57405,-2.12954
1,0,0.39434,1.94762,5.56267,-2.11736
1,0,0.39434,1.94197,5.55174,-2.10712
1,0,0.39434,1.9372,5.54097,-2.09873
1,0,0.39434,1.93292,5.53003,-2.09196
1,0,0.39434,1.92867,5.51839,-2.08525
1,0,0.39434,1.92443,5.50598,-2.0779
1,0,0.39434,1.9202,5.49298,-2.07036
1,0,0.146996,1.91594,5.47953,-2.06234
1,0,0.146996,1.91161,5.46573,-2.05512
1,0,0.146996,1.90726,5.45153,-2.04963
1,0,0.146996,1.90284,5.43667,-2.04508
1,0,0.146996,1.89807,5.42075,-2.04052
1,0,0.146996,1.89247,5.40363,-2.03611
1,0,0.146996,1.88582,5.3857,-2.0341
1,0,0.146996,1.87851,5.36714,-2.03474
1,0,0.146996,1.87314,5.34855,-2.02941
1,0,0.146996,1.86625,5.33095,-2.02706
1,0,0.146996,1.85775,5.31398,-2.02684
1,0,0.146996,1.84914,5.29771,-2.02526
1,0,0.387208,1.84142,5.28228,-2.02305
1,0,0.387208,1.83476,5.26779,-2.02183
1,0,0.387208,1.82881,5.25415,-2.02165
1,0,0.387208,1.82297,5.24108,-2.02217
1,0,0.387208,1.81677,5.22821,-2.02229
1,0,0.387208,1.80994,5.21521,-2.02109
1,0,0.387208,1.80234,5.20187,-2.01861
1,0,0.387208,1.794,5.18828,-2.01625
1,0,0.387208,1.7852,5.17488,-2.0146
1,0,0.387208,1.77622,5.16194,-2.01411
1,0,0.575486,1.76705,5.14934,-2.01483
1,0,0.575486,1.75742,5.13665,-2.01468
1,0,0.575486,1.747,5.12334,-2.01092
1,0,0.575486,1.73589,5.10878,-2.00247
1,0,0.575486,1.72478,5.0924,-1.99021
1,0,0.575486,1.71411,5.07439,-1.97726
1,0,0.575486,1.70401,5.05704,-1.9702
1,0,0.575486,1.69499,5.04006,-1.96159
1,0,0.575486,1.68731,5.02308,-1.95135
1,0,0.575486,1.68063,5.00693,-1.94041
1,0,0.484855,1.67471,4.99198,-1.92822
1,0,0.484855,1.66942,4.97823,-1.91561
1,0,0.484855,1.66474,4.96536,-1.9036
1,0,0.484855,1.66059,4.95289,-1.89257
1,0,0.484855,1.6569,4.94036,-1.88267
1,0,0.484855,1.65351,4.92727,-1.8733
1,0,0.484855,1.65043,4.91338,-1.86362
1,0,0.484855,1.64767,4.89887,-1.85408
1,0,0.484855,1.64518,4.88391,-1.8444
1,0,0.484855,1.6429,4.86857,-1.83388
1,0,0.484855,1.64078,4.85276,-1.82229
1,0,0.484855,1.63881,4.83628,-1.80988
1,0,-0.492946,1.63691,4.81889,-1.79745
1,0,-0.492946,1.63479,4.80043,-1.79362
1,0,-0.492946,1.63186,4.78084,-1.80336
1,0,-0.492946,1.62774,4.76025,-1.82041
1,0,-0.492946,1.62578,4.74036,-1.8261
1,0,-0.492946,1.62129,4.72099,-1.83557
1,0,-0.492946,1.61531,4.70217,-1.84303
1,0,-0.492946,1.60939,4.68444,-1.84807
1,0,0.351127,1.60426,4.66816,-1.85573
1,0,0.351127,1.60011,4.65332,-1.86155
1,0,0.351127,1.59663,4.63956,-1.86199
1,0,0.351127,1.59306,4.6263,-1.85899
1,0,0.351127,1.5889,4.61298,-1.85389
1,0,0.351127,1.58401,4.59923,-1.84759
1,0,0.351127,1.57836,4.58486,-1.84222
1,0,0.351127,1.57214,4.57024,-1.83914
1,0,0.883579,1.56561,4.55579,-1.83868
1,0,0.883579,1.55889,4.54158,-1.83629
1,0,0.883579,1.55177,4.52731,-1.82873
1,0,0.883579,1.54406,4.51237,-1.81638
1,0,0.883579,1.53625,4.49614,-1.79923
1,0,0.883579,1.52918,4.47839,-1.7781
1,0,0.883579,1.52273,4.45991,-1.76015
1,0,0.883579,1.51696,4.44277,-1.74651
1,0,0.883579,1.51283,4.42508,-1.7262
1,0,0.883579,1.50989,4.40798,-1.70357
1,0,0.883579,1.50764,4.39199,-1.68003
1,0,0.883579,1.50592,4.37729,-1.65686
1,0,0.883579,1.50484,4.36372,-1.63535
1,0,0.260569,1.50446,4.35101,-1.61655
1,0,0.260569,1.50466,4.33874,-1.6057
1,0,0.260569,1.50527,4.32623,-1.60335
1,0,0.260569,1.50649,4.31317,-1.60404
1,0,0.260569,1.50831,4.29965,-1.60468
1,0,0.260569,1.51055,4.28571,-1.60391
1,0,0.260569,1.51297,4.27139,-1.60105
1,0,0.260569,1.51545,4.2566,-1.59601
1,0,0.260569,1.518,4.24117,-1.58989
1,0,0.260569,1.52056,4.22485,-1.58376
1,0,-0.155028,1.52291,4.20728,-1.57841
1,0,-0.155028,1.52469,4.18846,-1.57831
1,0,-0.155028,1.52555,4.16861,-1.58584
1,0,-0.155028,1.52793,4.14884,-1.58521
1,0,-0.155028,1.52909,4.13009,-1.58136
1,0,-0.155028,1.52836,4.11118,-1.58715
1,0,-0.155028,1.5264,4.09297,-1.59429
1,0,-0.155028,1.52459,4.07596,-1.5988
1,0,-0.155028,1.52339,4.06024,-1.60389
1,0,-0.155028,1.52253,4.04556,-1.61109
0.963848,0,0.963412,1.52153,4.03145,-1.62023
0.963848,0,0.963412,1.52035,4.01755,-1.62225
0.963848,0,0.963412,1.51891,4.00359,-1.61208
0.963848,0,0.963412,1.51683,3.98918,-1.5952
0.963848,0,0.963412,1.5139,3.97423,-1.57803
0.963848,0,0.963412,1.5103,3.95907,-1.56388
0.963848,0,0.963412,1.50633,3.94394,-1.55322
0.963848,0,0.963412,1.50214,3.92886,-1.54456
0.963848,0,0.963412,1.49776,3.91363,-1.53526
0.963848,0,0.963412,1.49346,3.89778,-1.52279
0.963848,0,0.963412,1.48996,3.88102,-1.50579
0.963848,0,0.963412,1.48769,3.86351,-1.48615
1,0,0.998441,1.4858,3.84612,-1.47067
1,0,0.998441,1.48454,3.82963,-1.45378
1,0,0.998441,1.48471,3.81325,-1.4299
1,0,0.998441,1.48573,3.79765,-1.40396
1,0,0.998441,1.48713,3.78315,-1.37821
1,0,0.998441,1.48886,3.76993,-1.35407
1,0,0.998441,1.49107,3.75803,-1.33246
1,0,0.998441,1.49388,3.74721,-1.31381
1,0,0.998441,1.49731,3.73699,-1.29773
1,0,0.998441,1.50143,3.72656,-1.28184
1,0,0.998441,1.50622,3.71584,-1.26531
1,0,0.999675,1.51155,3.70486,-1.24846
1,0,0.999675,1.51729,3.69361,-1.23136
1,0,0.999675,1.5234,3.68209,-1.21371
1,0,0.999675,1.52992,3.67032,-1.19535
1,0,0.999675,1.53692,3.65821,-1.17641
1,0,0.999675,1.54445,3.64562,-1.15717
1,0,0.999675,1.55259,3.63243,-1.13819
1,0,0.999675,1.56139,3.61865,-1.12082
1,0,0.999675,1.57077,3.60408,-1.1067
1,0,0.999675,1.5807,3.58819,-1.09634
1,0,0.999675,1.59221,3.57131,-1.08936
1,0,0.999675,1.60514,3.55464,-1.08057
1,0,0.999904,1.61664,3.53878,-1.0678
1,0,0.999904,1.62709,3.52324,-1.05489
1,0,0.999904,1.63711,3.5084,-1.04265
1,0,0.999904,1.64709,3.49441,-1.03135
1,0,0.999904,1.65713,3.48122,-1.0204
1,0,0.999904,1.6672,3.46845,-1.00932
1,0,0.999904,1.67725,3.45568,-0.997415
1,0,0.999904,1.68722,3.44254,-0.98438
1,0,0.999904,1.69712,3.42867,-0.970848
1,0,0.999904,1.7067,3.41413,-0.957888
1,0,0.999904,1.71568,3.39935,-0.945664
1,0,0.999981,1.72402,3.38458,-0.934283
1,0,0.999981,1.73185,3.36964,-0.923505
1,0,0.999981,1.73949,3.35404,-0.911948
1,0,0.999981,1.74751,3.33741,-0.897387
1,0,0.999981,1.75681,3.3199,-0.879344
1,0,0.999981,1.76809,3.30201,-0.859519
1,0,0.999981,1.78048,3.28407,-0.84109
1,0,0.999981,1.79165,3.26742,-0.827943
1,0,0.999981,1.80341,3.25174,-0.809499
1,0,0.999981,1.81552,3.23751,-0.787642
1,0,0.999997,1.8274,3.22485,-0.764381
1,0,0.999997,1.83863,3.21364,-0.741763
1,0,0.999997,1.84917,3.20365,-0.721191
1,0,0.999997,1.85923,3.19461,-0.702988
1,0,0.999997,1.8692,3.18618,-0.686743
1,0,0.999997,1.87964,3.17787,-0.670694
1,0,0.999997,1.89079,3.16964,-0.653921
1,0,0.999997,1.90261,3.16156,-0.636913
1,0,0.999997,1.91495,3.15367,-0.61972
0.73283,0,0.999992,1.92772,3.146,-0.60202
0.73283,0,0.999992,1.94103,3.1385,-0.583344
0.73283,0,0.999992,1.95501,3.13107,-0.563679
0.73283,0,0.999992,1.96972,3.12369,-0.543922
0.73283,0,0.999992,1.98521,3.11616,-0.525224
0.73283,0,0.999992,2.00176,3.10813,-0.508999
0.73283,0,0.999992,2.01966,3.09935,-0.496343
0.73283,0,0.999992,2.0388,3.08993,-0.487351
0.73283,0,0.999992,2.05872,3.08295,-0.478996
0.73283,0,0.999992,2.07669,3.07712,-0.467862
0,0,0.999894,2.09318,3.07102,-0.456903
0,0,0.999894,2.10848,3.06543,-0.445476
0,0,0.999894,2.12299,3.06027,-0.431639
0,0,0.999894,2.13706,3.0553,-0.414758
0,0,0.999894,2.15074,3.05033,-0.395885
0,0,0.999894,2.16395,3.04525,-0.37645
0,0,0.999894,2.17659,3.04006,-0.35725
0,0,0.999894,2.18876,3.03472,-0.33845
0,0,0.999894,2.20048,3.02918,-0.320709
0,0,0.999894,2.21149,3.02352,-0.303586
0,0,0.999894,2.22165,3.01783,-0.28682
0,0,0.99814,2.231,3.01212,-0.270431
0,0,0.99814,2.23969,3.00633,-0.254337
0,0,0.99814,2.24786,3.00031,-0.237839
0,0,0.99814,2.25565,2.99398,-0.21983
0,0,0.99814,2.26318,2.98734,-0.199882
0,0,0.99814,2.27048,2.9807,-0.178971
0,0,0.99814,2.27744,2.97448,-0.158916
0,0,0.99814,2.28379,2.96899,-0.141359
0,0,0.99814,2.28932,2.9642,-0.126937
0,0,0.99814,2.29304,2.95938,-0.115287
0,0,0.99814,2.29601,2.95372,-0.0999466
0,0,0.99814,2.29924,2.9486,-0.0827424
0,0,0.99814,2.30248,2.9443,-0.0634453
0.558215,0,0.858925,2.30522,2.94074,-0.0448898
0.558215,0,0.858925,2.30734,2.93754,-0.0287239
0.558215,0,0.858925,2.30879,2.93479,-0.0139763
0.558215,0,0.858925,2.30924,2.93271,-0.000459264
0.558215,0,0.858925,2.30878,2.9314,0.0122195
0.558215,0,0.858925,2.30772,2.93085,0.0244542
0.558215,0,0.858925,2.30637,2.93099,0.0366484
0.558215,0,0.858925,2.30495,2.93172,0.0491922
0.558215,0,0.858925,2.30359,2.93295,0.0623201
0.558215,0,0.858925,2.3024,2.9346,0.0761499
0.558215,0,0.858925,2.30147,2.93665,0.0907212
0.304807,0,0.0153586,2.30082,2.93912,0.105923
0.304807,0,0.0153586,2.30049,2.94203,0.11404
0.304807,0,0.0153586,2.30051,2.94539,0.111331
0.304807,0,0.0153586,2.30097,2.94921,0.102967
0.304807,0,0.0153586,2.30191,2.95336,0.0932937
0.304807,0,0.0153586,2.30324,2.95769,0.0840891
0.304807,0,0.0153586,2.30488,2.96197,0.0757186
0.304807,0,0.0153586,2.30667,2.96584,0.0676959
0.304807,0,0.0153586,2.30823,2.96916,0.0588534
0.304807,0,0.0153586,2.30957,2.97206,0.0478639
0.369577,0,-0.165284,2.31229,2.9758,0.0405688
0.369577,0,-0.165284,2.3156,2.98049,0.0381059
0.369577,0,-0.165284,2.31851,2.9852,0.0355614
0.369577,0,-0.165284,2.32142,2.98918,0.0298623
0.369577,0,-0.165284,2.32466,2.99243,0.0218495
0.369577,0,-0.165284,2.3284,2.99502,0.0127543
0.369577,0,-0.165284,2.33272,2.99706,0.00381565
0.369577,0,-0.165284,2.33785,2.99864,-0.00515631
0.369577,0,-0.165284,2.34346,2.99972,-0.0141904
0.369577,0,-0.165284,2.34911,3.00038,-0.0227508
0.369577,0,-0.165284,2.35457,3.00068,-0.030893
0.180252,0,0.105423,2.35984,3.00064,-0.0389196
0.180252,0,0.105423,2.365,3.00024,-0.0439688
0.180252,0,0.105423,2.37006,2.99942,-0.0443607
0.180252,0,0.105423,2.37507,2.99814,-0.0419267
0.180252,0,0.105423,2.38011,2.99638,-0.0384688
0.180252,0,0.105423,2.38525,2.99414,-0.0348609
0.180252,0,0.105423,2.39055,2.99144,-0.0312774
0.180252,0,0.105423,2.39606,2.9883,-0.0276582
0.180252,0,0.105423,2.40186,2.98475,-0.0236168
0,0,0.264922,2.40796,2.98093,-0.0188103
0,0,0.264922,2.41424,2.97704,-0.0110295
0,0,0.264922,2.42049,2.97335,0.000951403
0,0,0.264922,2.42498,2.97001,0.00636317
0,0,0.264922,2.42944,2.96622,0.0135751
0,0,0.264922,2.43399,2.96317,0.0230669
0,0,0.264922,2.43806,2.96071,0.0332537
0,0,0.264922,2.44132,2.95841,0.042913
0,0,0.264922,2.44383,2.95598,0.0499193
0,0,0.264922,2.44567,2.95346,0.0536195
0,0,0.264922,2.44707,2.95093,0.0569943
0.133639,0,0.161762,2.44859,2.94874,0.0623041
0.133639,0,0.161762,2.44996,2.94718,0.0677745
0.133639,0,0.161762,2.45086,2.94631,0.0713222
0.133639,0,0.161762,2.45119,2.94612,0.0729929
0.133639,0,0.161762,2.45106,2.9466,0.0736833
0.133639,0,0.161762,2.45069,2.94766,0.0744704
0.133639,0,0.161762,2.45026,2.94916,0.076134
0.133639,0,0.161762,2.44994,2.951,0.0790645
0,0,0.0559872,2.44984,2.9531,0.0833019
0,0,0.0559872,2.45007,2.95546,0.0873491
0,0,0.0559872,2.45069,2.95808,0.090148
0,0,0.0559872,2.45178,2.96092,0.0917782
0,0,0.0559872,2.45347,2.96387,0.0928217
0,0,0.0559872,2.45564,2.96685,0.0939522
0,0,0.0559872,2.45793,2.96963,0.0956266
0,0,0.0559872,2.45985,2.97205,0.0977219
0,0,0.0559872,2.46007,2.97478,0.105299
0,0,0.0559872,2.45905,2.97755,0.110584
0,0,0.0559872,2.45796,2.98101,0.11158
0.149101,0,0.00547447,2.45837,2.9853,0.112418
0.149101,0,0.00547447,2.4595,2.98918,0.113003
0.149101,0,0.00547447,2.46102,2.99246,0.109513
0.149101,0,0.00547447,2.4628,2.99527,0.103034
0.149101,0,0.00547447,2.46454,2.9977,0.0946514
0.149101,0,0.00547447,2.4659,2.99966,0.0862553
0.149101,0,0.00547447,2.4669,3.00098,0.0805496
0.149101,0,0.00547447,2.46789,3.00172,0.0791488
0.149101,0,0.00547447,2.46905,3.00186,0.0816744
0.149101,0,0.00547447,2.4702,3.00124,0.0853764
0,0,-0.0124751,2.47124,2.99988,0.0882302
0,0,-0.0124751,2.47227,2.99795,0.0899708
0,0,-0.0124751,2.47337,2.99579,0.090538
0,0,-0.0124751,2.47461,2.99374,0.0897533
0,0,-0.0124751,2.47601,2.992,0.0868379
0,0,-0.0124751,2.47763,2.99045,0.0818418
0,0,-0.0124751,2.47951,2.98884,0.07579
0,0,-0.0124751,2.48163,2.98704,0.0696727
0,0,0.115825,2.48391,2.98524,0.0639071
0,0,0.115825,2.48635,2.98371,0.0605399
0,0,0.115825,2.48909,2.9825,0.0615694
0,0,0.115825,2.49111,2.98108,0.0644812
0,0,0.115825,2.49481,2.97855,0.0735747
0,0,0.115825,2.49901,2.97676,0.0827502
0,0,0.115825,2.50266,2.97597,0.0912404
0,0,0.115825,2.50541,2.97575,0.0976939
0,0,0.115825,2.50731,2.97579,0.102476
0,0,0.233052,2.50859,2.97599,0.1061
0,0,0.233052,2.50943,2.97638,0.109833
0,0,0.233052,2.50994,2.97703,0.114149
0,0,0.233052,2.5102,2.97794,0.118351
0,0,0.233052,2.5096,2.97855,0.121712
0,0,0.233052,2.50746,2.9784,0.124205
0,0,0.233052,2.5041,2.97748,0.128361
0,0,0.233052,2.50008,2.97592,0.13417
0,0,0.233052,2.49591,2.97409,0.14146
0,0,0.233052,2.49202,2.97257,0.145597
0,0,0.233052,2.48942,2.97137,0.150346
0,0,0.233052,2.488,2.97011,0.156887
0.441681,0,-0.0259329,2.48702,2.96945,0.163491
0.441681,0,-0.0259329,2.48584,2.96946,0.166212
0.441681,0,-0.0259329,2.48431,2.96988,0.163885
0.441681,0,-0.0259329,2.48272,2.97057,0.158966
0.441681,0,-0.0259329,2.48144,2.97153,0.153721
0.441681,0,-0.0259329,2.48067,2.97287,0.149253
0.441681,0,-0.0259329,2.48043,2.97466,0.145849
0.441681,0,-0.0259329,2.48067,2.97684,0.143454
0.441681,0,-0.0259329,2.48139,2.97918,0.141509
0.441681,0,-0.0259329,2.48258,2.98138,0.139288
0.441681,0,-0.0259329,2.48408,2.98324,0.135527
0.441681,0,-0.0259329,2.48609,2.98537,0.129484
0,0,-0.101908,2.48908,2.98915,0.124526
0,0,-0.101908,2.49198,2.99249,0.121096
0,0,-0.101908,2.49495,2.99473,0.118011
0,0,-0.101908,2.49805,2.99608,0.115769
0,0,-0.101908,2.50131,2.99696,0.113445
0,0,-0.101908,2.50469,2.99764,0.110454
0,0,-0.101908,2.50804,2.99822,0.107184
0,0,-0.101908,2.51118,2.99867,0.104095
0,0,-0.101908,2.51394,2.99888,0.101129
0,0,-0.101908,2.51626,2.99874,0.0979615
0,0,0.198655,2.51819,2.99817,0.0942737
0,0,0.198655,2.51972,2.99724,0.0931013
0,0,0.198655,2.52092,2.99608,0.0963334
0,0,0.198655,2.52181,2.99475,0.102149
0,0,0.198655,2.52195,2.99308,0.108468
0,0,0.198655,2.52183,2.99135,0.114667
0,0,0.198655,2.52199,2.98904,0.12162
0,0,0.198655,2.52267,2.98645,0.129605
0,0,0.198655,2.52332,2.98444,0.135457
0,0,0.198655,2.5239,2.98286,0.139667
0,0,0.200545,2.52441,2.98158,0.143086
0,0,0.200545,2.52494,2.98059,0.146045
0,0,0.200545,2.52557,2.97991,0.148578
0,0,0.200545,2.52634,2.97949,0.150627
0,0,0.200545,2.52729,2.97898,0.151879
0,0,0.200545,2.52785,2.97794,0.153045
0,0,0.200545,2.52734,2.97636,0.155248
0,0,0.200545,2.52567,2.97429,0.159919
0,0,0.200545,2.52313,2.97185,0.16573
0,0,0.200545,2.52019,2.96907,0.172426
0.0409105,0,0.141382,2.51675,2.96629,0.177401
0.0409105,0,0.141382,2.51349,2.96387,0.17951
0.0409105,0,0.141382,2.51123,2.96142,0.181308
0.0409105,0,0.141382,2.50957,2.95955,0.183709
0.0409105,0,0.141382,2.5081,2.95846,0.186078
0.0409105,0,0.141382,2.50662,2.95787,0.187888
0.0409105,0,0.141382,2.50517,2.95748,0.18928
0.0409105,0,0.141382,2.50382,2.95719,0.190928
0.0409105,0,0.141382,2.50268,2.95705,0.193504
0.123191,0,0.0122896,2.50184,2.95718,0.197357
0.123191,0,0.0122896,2.50127,2.95772,0.201032
0.123191,0,0.0122896,2.50088,2.95879,0.203114
0.123191,0,0.0122896,2.50059,2.96041,0.203804
0.123191,0,0.0122896,2.50037,2.9625,0.203693
0.123191,0,0.0122896,2.50024,2.96494,0.203323
0.123191,0,0.0122896,2.50021,2.96756,0.202884
0.123191,0,0.0122896,2.50022,2.97019,0.201932
0.123191,0,0.0122896,2.50008,2.9727,0.199146
0.0104828,0,-0.0850501,2.50006,2.97575,0.194376
0.0104828,0,-0.0850501,2.49965,2.98036,0.191931
0.0104828,0,-0.0850501,2.49901,2.98427,0.188598
0.0104828,0,-0.0850501,2.49857,2.98736,0.186119
0.0104828,0,-0.0850501,2.49854,2.98986,0.183576
0.0104828,0,-0.0850501,2.49899,2.99195,0.179905
0.0104828,0,-0.0850501,2.49986,2.99372,0.175382
0.0104828,0,-0.0850501,2.50095,2.99519,0.170761
0.0104828,0,-0.0850501,2.50203,2.99637,0.166428
0.0104828,0,-0.0850501,2.50295,2.99721,0.16227
0.0104828,0,-0.0850501,2.50367,2.99761,0.157962
0,0,0.101392,2.50426,2.99753,0.153258
0,0,0.101392,2.50479,2.99698,0.149941
0,0,0.101392,2.50528,2.99608,0.149097
0,0,0.101392,2.50584,2.99493,0.149849
0,0,0.101392,2.50659,2.99357,0.151458
0,0,0.101392,2.50729,2.99175,0.153909
0,0,0.101392,2.50804,2.98952,0.156411
0,0,0.101392,2.50962,2.98632,0.161288
0,0,0.101392,2.51166,2.98323,0.166404
0,0,0.101392,2.51378,2.98063,0.170021
0,0,0.101392,2.51591,2.9784,0.172751
0,0,0.184217,2.518,2.97645,0.175032
0,0,0.184217,2.52006,2.9748,0.177704
0,0,0.184217,2.5221,2.97345,0.180916
0,0,0.184217,2.52413,2.97243,0.184028
0,0,0.184217,2.52614,2.97167,0.186691
0,0,0.184217,2.52811,2.97115,0.188857
0,0,0.184217,2.53003,2.97081,0.190621
0,0,0.184217,2.53189,2.97062,0.192102
0,0,0.184217,2.53366,2.97056,0.193393
0,0,0.148761,2.53532,2.9706,0.194549
0,0,0.148761,2.53688,2.97072,0.1953
0,0,0.148761,2.53831,2.9709,0.19558
0,0,0.148761,2.53961,2.97112,0.195647
0,0,0.148761,2.54078,2.97137,0.195675
0,0,0.148761,2.5418,2.97165,0.195724
0,0,0.148761,2.54267,2.97195,0.195803
0,0,0.148761,2.5434,2.97226,0.195882
0,0,0.148761,2.54399,2.97258,0.195948
0,0,0.148761,2.54444,2.9729,0.195994
0,0,0.128241,2.54477,2.97322,0.19602
0,0,0.128241,2.545,2.97353,0.195861
0,0,0.128241,2.54513,2.97382,0.195481
0,0,0.128241,2.54518,2.97409,0.195033
0,0,0.128241,2.54516,2.97435,0.194616
0,0,0.128241,2.54508,2.97459,0.194259
0,0,0.128241,2.54496,2.97483,0.193956
0,0,0.128241,2.54481,2.97505,0.193688
0,0,0.138272,2.54463,2.97526,0.193439
0,0,0.138272,2.54443,2.97547,0.193285
0,0,0.138272,2.54423,2.97567,0.193241
0,0,0.138272,2.54403,2.97586,0.193236
0,0,0.138272,2.54383,2.97605,0.193225
0,0,0.138272,2.54365,2.97623,0.193193
0,0,0.138272,2.54348,2.97639,0.193144
0,0,0.138272,2.54332,2.97655,0.193083
0,0,0.138272,2.54319,2.9767,0.193018
0,0,0.138272,2.54307,2.97684,0.192951
0,0,0.138272,2.54298,2.97697,0.192883
0,0,0.142427,2.5429,2.97709,0.192814
0,0,0.142427,2.54284,2.9772,0.192778
0,0,0.142427,2.54279,2.9773,0.192784
0,0,0.142427,2.54276,2.97739,0.192802
0,0,0.142427,2.54274,2.97747,0.192814
0,0,0.142427,2.54274,2.97754,0.192815
0,0,0.142427,2.54274,2.97761,0.192807
0,0,0.142427,2.54275,2.97766,0.192795
0,0,0.141139,2.54276,2.9777,0.192782
0,0,0.141139,2.54278,2.97773,0.192758
0,0,0.141139,2.5428,2.97775,0.192723
0,0,0.141139,2.54282,2.97776,0.192686
0,0,0.141139,2.54284,2.97776,0.192653
0,0,0.141139,2.54286,2.97776,0.192625
0,0,0.141139,2.54288,2.97774,0.192602
0,0,0.141139,2.5429,2.97773,0.192583
0,0,0.141139,2.54292,2.9777,0.192569
0,0,0.141139,2.54293,2.97768,0.192558
0,0,0.141139,2.54294,2.97765,0.192549
0,0,0.145834,2.54295,2.97761,0.192544
0,0,0.145834,2.54295,2.97758,0.192581
0,0,0.145834,2.54295,2.97754,0.192669
0,0,0.145834,2.54295,2.9775,0.192773
0,0,0.145834,2.54295,2.97747,0.192869
0,0,0.145834,2.54294,2.97743,0.192949
0,0,0.145834,2.54293,2.9774,0.193017
0,0,0.145834,2.54292,2.97737,0.193074
0,0,0.145834,2.5429,2.97734,0.193124
0,0,0.145834,2.54289,2.97731,0.193168
0,0,0.145834,2.54287,2.97728,0.193209
0,0,0.149392,2.54286,2.97725,0.193246
0,0,0.149392,2.54284,2.97723,0.193307
0,0,0.149392,2.54283,2.97721,0.193399
0,0,0.149392,2.54281,2.9772,0.193498
0,0,0.149392,2.54279,2.97718,0.193587
0,0,0.149392,2.54278,2.97718,0.193661
0,0,0.149392,2.54276,2.97717,0.19372
0,0,0.149392,2.54274,2.97717,0.193768
0,0,0.148829,2.54273,2.97716,0.19381
0,0,0.148829,2.54271,2.97716,0.193842
0,0,0.148829,2.5427,2.97716,0.193862
0,0,0.148829,2.54268,2.97717,0.193876
0,0,0.148829,2.54267,2.97717,0.193887
0,0,0.148829,2.54266,2.97718,0.193895
0,0,0.148829,2.54265,2.97718,0.1939
0,0,0.148829,2.54264,2.97719,0.193904
0,0,0.148829,2.54263,2.9772,0.193906
0,0,0.148829,2.54262,2.97721,0.193907
0,0,0.150188,2.54261,2.97722,0.193906
0,0,0.150188,2.5426,2.97723,0.193915
0,0,0.150188,2.54259,2.97724,0.193938
0,0,0.150188,2.54258,2.97726,0.193964
0,0,0.150188,2.54257,2.97727,0.193987
0,0,0.150188,2.54256,2.97728,0.194005
0,0,0.150188,2.54255,2.97729,0.194019
0,0,0.150188,2.54254,2.9773,0.194028
0,0,0.150188,2.54253,2.97731,0.194036
0,0,0.150188,2.54252,2.97732,0.194042
0,0,0.152839,2.54251,2.97733,0.194046
0,0,0.152839,2.5425,2.97734,0.194071
0,0,0.152839,2.54249,2.97735,0.194122
0,0,0.152839,2.54248,2.97735,0.194178
0,0,0.152839,2.54247,2.97736,0.194229
0,0,0.152839,2.54245,2.97737,0.194271
0,0,0.152839,2.54244,2.97738,0.194303
0,0,0.152839,2.54243,2.97739,0.194327
0,0,0.152839,2.54242,2.97739,0.194349
0,0,0.152839,2.5424,2.9774,0.194366
0,0,0.152839,2.54239,2.9774,0.19438
0,0,0.155266,2.54238,2.97741,0.194392
0,0,0.155266,2.54237,2.97741,0.194423
0,0,0.155266,2.54236,2.97742,0.194475
0,0,0.155266,2.54234,2.97742,0.194532
0,0,0.155266,2.54233,2.97743,0.194583
0,0,0.155266,2.54232,2.97744,0.194624
0,0,0.155266,2.5423,2.97744,0.194656
0,0,0.155266,2.54229,2.97745,0.194682
0,0,0.155266,2.54228,2.97745,0.194704
0,0,0.155266,2.54227,2.97745,0.194722
0,0,0.155266,2.54226,2.97746,0.194738
0,0,0.155266,2.54224,2.97746,0.194751
0,0,0.158967,2.54223,2.97747,0.194762
0,0,0.158967,2.54222,2.97747,0.1948
0,0,0.158967,2.54221,2.97748,0.194874
0,0,0.158967,2.5422,2.97748,0.194957
0,0,0.158967,2.54219,2.97749,0.195031
0,0,0.158967,2.54217,2.97749,0.195092
0,0,0.158967,2.54216,2.9775,0.19514
0,0,0.158967,2.54215,2.97751,0.195179
0,0,0.158967,2.54213,2.97751,0.195211
0,0,0.163597,2.54212,2.97752,0.195239
0,0,0.163597,2.54211,2.97752,0.195301
0,0,0.163597,2.54209,2.97753,0.195406
0,0,0.163597,2.54207,2.97753,0.195521
0,0,0.163597,2.54206,2.97754,0.195624
0,0,0.163597,2.54204,2.97755,0.195708
0,0,0.163597,2.54202,2.97756,0.195775
0,0,0.163597,2.542,2.97757,0.195828
0,0,0.163597,2.54199,2.97757,0.195873
0,0,0.163597,2.54197,2.97758,0.195912
0,0,0.163416,2.54195,2.97758,0.195944
0,0,0.163416,2.54194,2.97759,0.19597
0,0,0.163416,2.54192,2.97759,0.195991
0,0,0.163416,2.5419,2.9776,0.196006
0,0,0.163416,2.54189,2.9776,0.196016
0,0,0.163416,2.54187,2.97761,0.196025
0,0,0.163416,2.54186,2.97761,0.19603
0,0,0.163416,2.54185,2.97762,0.196034
0,0,0.163416,2.54184,2.97762,0.196037
0,0,0.163416,2.54182,2.97763,0.196039
0,0,0.165733,2.54181,2.97763,0.196039
0,0,0.165733,2.5418,2.97764,0.196058
0,0,0.165733,2.54179,2.97764,0.1961
0,0,0.165733,2.54178,2.97765,0.196148
0,0,0.165733,2.54177,2.97765,0.196191
0,0,0.165733,2.54176,2.97766,0.196227
0,0,0.165733,2.54175,2.97766,0.196254
0,0,0.165733,2.54174,2.97767,0.196276
0,0,0.165733,2.54173,2.97767,0.196295
0,0,0.165733,2.54172,2.97768,0.19631
0,0,0.165733,2.54171,2.97768,0.196323
0,0,0.167181,2.5417,2.97768,0.196334
0,0,0.167181,2.54169,2.97769,0.196355
0,0,0.167181,2.54168,2.97769,0.196389
0,0,0.167181,2.54167,2.9777,0.196424
0,0,0.167181,2.54166,2.9777,0.196455
0,0,0.167181,2.54165,2.9777,0.196481
0,0,0.167181,2.54164,2.97771,0.1965
0,0,0.167181,2.54163,2.97771,0.196516
0,0,0.167181,2.54162,2.97771,0.196529
0,0,0.167181,2.54161,2.97772,0.196539
0,0,0.167181,2.5416,2.97772,0.196548
0,0,0.168786,2.54159,2.97772,0.196556
0,0,0.168786,2.54158,2.97773,0.196574
0,0,0.168786,2.54157,2.97773,0.196608
0,0,0.168786,2.54156,2.97773,0.196645
0,0,0.168786,2.54155,2.97774,0.196678
0,0,0.168786,2.54154,2.97774,0.196704
0,0,0.168786,2.54153,2.97775,0.196725
0,0,0.168786,2.54152,2.97775,0.196741
0,0,0.168786,2.54151,2.97775,0.196754
0,0,0.168786,2.5415,2.97776,0.196765
0,0,0.170794,2.54149,2.97776,0.196775
0,0,0.170794,2.54148,2.97776,0.196797
0,0,0.170794,2.54147,2.97777,0.196841
0,0,0.170794,2.54146,2.97777,0.196889
0,0,0.170794,2.54145,2.97778,0.196929
0,0,0.170794,2.54144,2.97778,0.196963
0,0,0.170794,2.54142,2.97779,0.196991
0,0,0.170794,2.54141,2.97779,0.197011
0,0,0.170794,2.5414,2.97779,0.197028
0,0,0.170794,2.54139,2.9778,0.197044
0,0,0.170794,2.54138,2.9778,0.197055
0,0,0.170794,2.54137,2.9778,0.197066
0,0,0.171323,2.54136,2.97781,0.197075
0,0,0.171323,2.54135,2.97781,0.197086
0,0,0.171323,2.54134,2.97781,0.1971
0,0,0.171323,2.54133,2.97782,0.197113
0,0,0.171323,2.54132,2.97782,0.197125
0,0,0.171323,2.54131,2.97782,0.197134
0,0,0.171323,2.5413,2.97783,0.197141
0,0,0.171323,2.54129,2.97783,0.197146
0,0,0.171323,2.54128,2.97783,0.19715
0,0,0.171323,2.54127,2.97784,0.197152
0,0,0.1731,2.54126,2.97784,0.197155
0,0,0.1731,2.54125,2.97784,0.19717
0,0,0.1731,2.54124,2.97784,0.197203
0,0,0.1731,2.54124,2.97785,0.197241
0,0,0.1731,2.54123,2.97785,0.197275
0,0,0.1731,2.54122,2.97786,0.197302
0,0,0.1731,2.54121,2.97786,0.197323
0,0,0.1731,2.5412,2.97786,0.197341
0,0,0.1731,2.54119,2.97787,0.197355
0,0,0.1731,2.54118,2.97787,0.197366
0,0,0.1731,2.54117,2.97787,0.197377
0,0,0.1731,2.54116,2.97787,0.197385
0,0,0.1731,2.54115,2.97788,0.197391
0,0,0.1731,2.54114,2.97788,0.197396
0,0,0.1731,2.54113,2.97788,0.1974
0,0,0.173479,2.54112,2.97788,0.197402
0,0,0.173479,2.54111,2.97789,0.197406
0,0,0.173479,2.5411,2.97789,0.197414
0,0,0.173479,2.54109,2.97789,0.197421
0,0,0.173479,2.54109,2.9779,0.197428
0,0,0.173479,2.54108,2.9779,0.197433
0,0,0.173479,2.54107,2.9779,0.197436
0,0,0.173479,2.54106,2.9779,0.197439
0,0,0.173479,2.54105,2.97791,0.19744
0,0,0.174517,2.54105,2.97791,0.197441
0,0,0.174517,2.54104,2.97791,0.197449
0,0,0.174517,2.54103,2.97792,0.197469
0,0,0.174517,2.54103,2.97792,0.19749
0,0,0.174517,2.54102,2.97792,0.197508
0,0,0.174517,2.54101,2.97793,0.197524
0,0,0.174517,2.541,2.97793,0.197536
0,0,0.174517,2.54099,2.97793,0.197544
0,0,0.174517,2.54099,2.97793,0.197551
0,0,0.174517,2.54098,2.97794,0.197557
0,0,0.175445,2.54097,2.97794,0.197561
0,0,0.175445,2.54096,2.97794,0.197572
0,0,0.175445,2.54095,2.97794,0.197592
0,0,0.175445,2.54095,2.97795,0.197613
0,0,0.175445,2.54094,2.97795,0.197631
0,0,0.175445,2.54093,2.97795,0.197646
0,0,0.175445,2.54092,2.97796,0.197657
0,0,0.175445,2.54091,2.97796,0.197665
0,0,0.175445,2.5409,2.97796,0.197672
0,0,0.176388,2.54089,2.97796,0.197678
0,0,0.176388,2.54088,2.97797,0.19769
0,0,0.176388,2.54087,2.97797,0.19771
0,0,0.176388,2.54087,2.97797,0.197733
0,0,0.176388,2.54086,2.97797,0.197753
0,0,0.176388,2.54085,2.97798,0.197768
0,0,0.176388,2.54084,2.97798,0.197781
0,0,0.176388,2.54083,2.97798,0.19779
0,0,0.176388,2.54082,2.97798,0.197797
0,0,0.176388,2.54081,2.97799,0.197803
0,0,0.176388,2.5408,2.97799,0.197808
0,0,0.176388,2.54079,2.97799,0.197812
0,0,0.176388,2.54078,2.97799,0.197815
0,0,0.176969,2.54077,2.978,0.197817
0,0,0.176969,2.54076,2.978,0.197822
0,0,0.176969,2.54075,2.978,0.197833
0,0,0.176969,2.54075,2.978,0.197845
0,0,0.176969,2.54074,2.978,0.197855
0,0,0.176969,2.54073,2.97801,0.197863
0,0,0.176969,2.54072,2.97801,0.19787
0,0,0.176969,2.54071,2.97801,0.197874
0,0,0.176969,2.5407,2.97801,0.197876
0,0,0.176969,2.5407,2.97802,0.19788
0,0,0.178465,2.54069,2.97802,0.197881
0,0,0.178465,2.54068,2.97802,0.197893
0,0,0.178465,2.54067,2.97802,0.197922
0,0,0.178465,2.54066,2.97803,0.197953
0,0,0.178465,2.54065,2.97803,0.19798
0,0,0.178465,2.54065,2.97803,0.198004
0,0,0.178465,2.54064,2.97804,0.198022
0,0,0.178465,2.54063,2.97804,0.198035
0,0,0.178465,2.54062,2.97804,0.198046
0,0,0.178465,2.54061,2.97805,0.198055
0,0,0.178465,2.5406,2.97805,0.198064
0,0,0.179293,2.54059,2.97805,0.19807
0,0,0.179293,2.54058,2.97805,0.198082
0,0,0.179293,2.54058,2.97806,0.198101
0,0,0.179293,2.54057,2.97806,0.198121
0,0,0.179293,2.54056,2.97806,0.198138
0,0,0.179293,2.54055,2.97807,0.198152
0,0,0.179293,2.54054,2.97807,0.198162
0,0,0.179293,2.54053,2.97807,0.19817
0,0,0.179293,2.54052,2.97808,0.198176
0,0,0.179293,2.54051,2.97808,0.198181
0,0,0.179427,2.5405,2.97808,0.198185
0,0,0.179427,2.5405,2.97808,0.198189
0,0,0.179427,2.54049,2.97809,0.198194
0,0,0.179427,2.54048,2.97809,0.198197
0,0,0.179427,2.54047,2.97809,0.1982
0,0,0.179427,2.54046,2.97809,0.198202
0,0,0.179427,2.54046,2.9781,0.198203
0,0,0.179427,2.54045,2.9781,0.198203
0,0,0.179427,2.54044,2.9781,0.198203
0,0,0.179058,2.54043,2.9781,0.198201
0,0,0.179058,2.54043,2.97811,0.198197
0,0,0.179058,2.54042,2.97811,0.198189
0,0,0.179058,2.54041,2.97811,0.198179
0,0,0.179058,2.54041,2.97811,0.19817
0,0,0.179058,2.5404,2.97811,0.198163
0,0,0.179058,2.54039,2.97811,0.198155
0,0,0.179058,2.54039,2.97811,0.198149
0,0,0.179058,2.54038,2.97812,0.198144
0,0,0.179058,2.54037,2.97812,0.198138
0,0,0.179058,2.54037,2.97812,0.198133
0,0,0.179058,2.54036,2.97812,0.198128
0,0,0.179058,2.54036,2.97812,0.198124
0,0,0.180448,2.54035,2.97812,0.198119
0,0,0.180448,2.54034,2.97812,0.198126
0,0,0.180448,2.54034,2.97812,0.198149
0,0,0.180448,2.54033,2.97813,0.198174
0,0,0.180448,2.54032,2.97813,0.198197
0,0,0.180448,2.54031,2.97813,0.198217
0,0,0.180448,2.54031,2.97813,0.198231
0,0,0.180448,2.5403,2.97813,0.198242
0,0,0.180448,2.54029,2.97814,0.198251
0,0,0.180448,2.54028,2.97814,0.198259
0,0,0.181259,2.54027,2.97814,0.198266
0,0,0.181259,2.54026,2.97814,0.198278
0,0,0.181259,2.54025,2.97814,0.198297
0,0,0.181259,2.54025,2.97814,0.198317
0,0,0.181259,2.54024,2.97815,0.198335
0,0,0.181259,2.54023,2.97815,0.198349
0,0,0.181259,2.54022,2.97815,0.19836
0,0,0.181259,2.54021,2.97816,0.198368
0,0,0.181894,2.5402,2.97816,0.198374
0,0,0.181894,2.54019,2.97816,0.198385
0,0,0.181894,2.54018,2.97816,0.1984
0,0,0.181894,2.54017,2.97817,0.198417
0,0,0.181894,2.54017,2.97817,0.198431
0,0,0.181894,2.54016,2.97817,0.198442
0,0,0.181894,2.54015,2.97818,0.198451
0,0,0.181894,2.54014,2.97818,0.198458
0,0,0.181894,2.54013,2.97818,0.198462
0,0,0.181894,2.54012,2.97818,0.198466
0,0,0.182848,2.54011,2.97819,0.198469
0,0,0.182848,2.54011,2.97819,0.198478
0,0,0.182848,2.5401,2.97819,0.198496
0,0,0.182848,2.54009,2.9782,0.198517
0,0,0.182848,2.54008,2.9782,0.198535
0,0,0.182848,2.54007,2.9782,0.198549
0,0,0.182848,2.54006,2.97821,0.19856
0,0,0.182848,2.54006,2.97821,0.198568
0,0,0.182848,2.54005,2.97821,0.198574
0,0,0.182848,2.54004,2.97821,0.198579
0,0,0.182138,2.54003,2.97822,0.198584
0,0,0.182138,2.54002,2.97822,0.198581
0,0,0.182138,2.54002,2.97822,0.19857
0,0,0.182138,2.54001,2.97822,0.198558
0,0,0.182138,2.54,2.97822,0.198544
0,0,0.182138,2.53999,2.97822,0.198533
0,0,0.182138,2.53999,2.97823,0.198524
0,0,0.182863,2.53998,2.97823,0.198515
0,0,0.182863,2.53997,2.97823,0.198513
0,0,0.182863,2.53997,2.97823,0.198519
0,0,0.182863,2.53996,2.97823,0.198528
0,0,0.182863,2.53995,2.97823,0.198536
0,0,0.182863,2.53995,2.97823,0.198541
0,0,0.182863,2.53994,2.97824,0.198545
0,0,0.182863,2.53993,2.97824,0.198548
0,0,0.182863,2.53992,2.97824,0.19855
0,0,0.182863,2.53992,2.97824,0.198552
0,0,0.182863,2.53991,2.97824,0.198553
0,0,0.18419,2.5399,2.97824,0.198554
0,0,0.18419,2.5399,2.97824,0.198565
0,0,0.18419,2.53989,2.97825,0.198589
0,0,0.18419,2.53988,2.97825,0.198616
0,0,0.18419,2.53987,2.97825,0.19864
0,0,0.18419,2.53986,2.97825,0.19866
0,0,0.18419,2.53985,2.97825,0.198675
0,0,0.18419,2.53984,2.97826,0.198686
0,0,0.18419,2.53984,2.97826,0.198697
0,0,0.18419,2.53983,2.97826,0.198705
0,0,0.18419,2.53982,2.97826,0.198712
0,0,0.185273,2.53981,2.97826,0.198718
0,0,0.185273,2.5398,2.97827,0.198731
0,0,0.185273,2.53979,2.97827,0.198753
0,0,0.185273,2.53978,2.97827,0.198778
0,0,0.185273,2.53977,2.97827,0.1988
0,0,0.185273,2.53976,2.97828,0.198817
0,0,0.185273,2.53975,2.97828,0.198831
0,0,0.185273,2.53974,2.97828,0.198842
0,0,0.185273,2.53974,2.97829,0.19885
0,0,0.185273,2.53973,2.97829,0.198857
0,0,0.185273,2.53972,2.97829,0.198863
0,0,0.185273,2.53971,2.97829,0.198867
0,0,0.186292,2.5397,2.9783,0.198871
0,0,0.186292,2.53969,2.9783,0.198881
0,0,0.186292,2.53968,2.9783,0.198901
0,0,0.186292,2.53968,2.9783,0.198921
0,0,0.186292,2.53967,2.97831,0.198941
0,0,0.186292,2.53966,2.97831,0.198957
0,0,0.186292,2.53965,2.97831,0.198968
0,0,0.185861,2.53964,2.97832,0.198978
0,0,0.185861,2.53963,2.97832,0.198983
0,0,0.185861,2.53962,2.97832,0.19898
0,0,0.185861,2.53962,2.97832,0.198975
0,0,0.185861,2.53961,2.97833,0.198972
0,0,0.185861,2.5396,2.97833,0.198968
0,0,0.185861,2.53959,2.97833,0.198964
0,0,0.185861,2.53959,2.97833,0.19896
0,0,0.185861,2.53958,2.97833,0.198956
0,0,0.185847,2.53957,2.97834,0.198952
0,0,0.185847,2.53956,2.97834,0.198948
0,0,0.185847,2.53956,2.97834,0.198944
0,0,0.185847,2.53955,2.97834,0.19894
0,0,0.185847,2.53954,2.97834,0.198936
0,0,0.185847,2.53954,2.97834,0.198932
0,0,0.185847,2.53953,2.97834,0.198929
0,0,0.185847,2.53952,2.97834,0.198925
0,0,0.185847,2.53952,2.97835,0.198922
0,0,0.185847,2.53951,2.97835,0.198919
0,0,0.185929,2.53951,2.97835,0.198916
0,0,0.185929,2.5395,2.97835,0.198914
0,0,0.185929,2.53949,2.97835,0.198912
0,0,0.185929,2.53949,2.97835,0.198911
0,0,0.185929,2.53948,2.97835,0.19891
0,0,0.185929,2.53947,2.97835,0.198908
0,0,0.185929,2.53947,2.97835,0.198907
0,0,0.185929,2.53946,2.97835,0.198905
0,0,0.185929,2.53945,2.97835,0.198903
0,0,0.185929,2.53945,2.97836,0.198901
0,0,0.185929,2.53944,2.97836,0.198899
0,0,0.186111,2.53943,2.97836,0.198897
0,0,0.186111,2.53943,2.97836,0.198896
0,0,0.186111,2.53942,2.97836,0.198897
0,0,0.186111,2.53941,2.97836,0.198899
0,0,0.186111,2.53941,2.97836,0.1989
0,0,0.186111,2.5394,2.97836,0.1989
0,0,0.186111,2.5394,2.97837,0.198901
0,0,0.186111,2.53939,2.97837,0.1989
0,0,0.186111,2.53938,2.97837,0.198899
0,0,0.186111,2.53938,2.97837,0.198898
0,0,0.186111,2.53937,2.97837,0.198897
0,0,0.186327,2.53936,2.97837,0.198895
0,0,0.186327,2.53936,2.97837,0.198895
0,0,0.186327,2.53935,2.97838,0.198897
0,0,0.186327,2.53934,2.97838,0.198899
0,0,0.186327,2.53934,2.97838,0.1989
0,0,0.186327,2.53933,2.97838,0.198902
0,0,0.186327,2.53933,2.97838,0.198903
0,0,0.186327,2.53932,2.97839,0.198902
0,0,0.186327,2.53931,2.97839,0.198901
0,0,0.186327,2.53931,2.97839,0.1989
0,0,0.185643,2.5393,2.97839,0.198899
0,0,0.185643,2.53929,2.97839,0.198892
0,0,0.185643,2.53929,2.97839,0.198878
0,0,0.185643,2.53928,2.97839,0.198862
0,0,0.185643,2.53928,2.9784,0.198846
0,0,0.185643,2.53927,2.9784,0.198833
0,0,0.185643,2.53927,2.9784,0.198822
0,0,0.185643,2.53926,2.9784,0.198813
0,0,0.185643,2.53925,2.9784,0.198804
0,0,0.185643,2.53925,2.9784,0.198796
0,0,0.185643,2.53924,2.9784,0.198789
0,0,0.185643,2.53924,2.9784,0.198778
0,0,0.186595,2.53923,2.9784,0.198771
0,0,0.186595,2.53923,2.9784,0.198772
0,0,0.186595,2.53922,2.97841,0.198784
0,0,0.186595,2.53922,2.97841,0.198796
0,0,0.186595,2.53921,2.97841,0.198808
0,0,0.186595,2.5392,2.97841,0.198818
0,0,0.186595,2.5392,2.97841,0.198823
0,0,0.186595,2.53919,2.97841,0.198825
0,0,0.186595,2.53918,2.97841,0.198819
0,0,0.186595,2.53918,2.97841,0.198815
0,0,0.186595,2.53917,2.97841,0.198814
0,0,0.187041,2.53916,2.97841,0.198811
0,0,0.187041,2.53916,2.97841,0.198814
0,0,0.187041,2.53915,2.97842,0.198822
0,0,0.187041,2.53915,2.97842,0.198827
0,0,0.187041,2.53914,2.97842,0.198833
0,0,0.187041,2.53913,2.97843,0.198839
0,0,0.187041,2.53913,2.97843,0.19884
0,0,0.187041,2.53912,2.97844,0.19884
0,0,0.187041,2.53912,2.97844,0.19884
0,0,0.187041,2.53911,2.97845,0.198841
0,0,0.187157,2.5391,2.97845,0.198837
0,0,0.187157,2.5391,2.97846,0.19884
0,0,0.187157,2.53909,2.97846,0.19884
0,0,0.187157,2.53908,2.97847,0.198841
0,0,0.187157,2.53907,2.97847,0.198841
0,0,0.187157,2.53907,2.97848,0.198842
0,0,0.187157,2.53906,2.97848,0.198838
0,0,0.187157,2.53905,2.97848,0.198837
0,0,0.187157,2.53904,2.97849,0.198833
0,0,0.187412,2.53903,2.97849,0.198824
0,0,0.187412,2.53902,2.97849,0.198818
0,0,0.187412,2.53901,2.97849,0.198813
0,0,0.187412,2.539,2.97849,0.198812
0,0,0.187412,2.539,2.97849,0.198809
0,0,0.187412,2.53899,2.9785,0.198808
0,0,0.187412,2.53898,2.9785,0.198804
0,0,0.187412,2.53898,2.9785,0.198803
0,0,0.187412,2.53897,2.97851,0.198798
0,0,0.187412,2.53896,2.97851,0.198797
0,0,0.187412,2.53896,2.97852,0.198793
0,0,0.188242,2.53895,2.97852,0.198791
0,0,0.188242,2.53895,2.97852,0.198793
0,0,0.188242,2.53894,2.97853,0.198807
0,0,0.188242,2.53893,2.97853,0.198819
0,0,0.188242,2.53892,2.97854,0.198833
0,0,0.188242,2.53892,2.97854,0.198841
0,0,0.188242,2.53891,2.97854,0.198848
0,0,0.188242,2.5389,2.97855,0.198851
0,0,0.188242,2.53889,2.97855,0.198848
0,0,0.188355,2.53888,2.97855,0.198845
0,0,0.188355,2.53887,2.97855,0.198841
0,0,0.188355,2.53886,2.97855,0.198841
0,0,0.188355,2.53886,2.97855,0.198839
0,0,0.188355,2.53885,2.97855,0.198839
0,0,0.188355,2.53884,2.97856,0.198836
0,0,0.188355,2.53883,2.97856,0.198835
0,0,0.188355,2.53883,2.97856,0.198832
0,0,0.188355,2.53882,2.97857,0.198831
0,0,0.188355,2.53881,2.97857,0.198828
0,0,0.188355,2.5388,2.97857,0.198826
0,0,0.188355,2.5388,2.97858,0.198822
0,0,0.188355,2.53879,2.97858,0.198821
0,0,0.188991,2.53878,2.97859,0.198817
0,0,0.188991,2.53878,2.97859,0.19882
0,0,0.188991,2.53877,2.97859,0.198827
0,0,0.188991,2.53876,2.97859,0.198838
0,0,0.188991,2.53875,2.9786,0.198843
0,0,0.188991,2.53874,2.9786,0.198844
0,0,0.188991,2.53873,2.9786,0.198842
0,0,0.188991,2.53872,2.9786,0.198839
0,0,0.188991,2.53871,2.9786,0.198838
0,0,0.188991,2.5387,2.9786,0.198834
0,0,0.18952,2.5387,2.9786,0.198833
0,0,0.18952,2.53869,2.97861,0.198835
0,0,0.18952,2.53868,2.97861,0.198843
0,0,0.18952,2.53868,2.97861,0.198851
0,0,0.18952,2.53867,2.97862,0.19886
0,0,0.18952,2.53866,2.97862,0.198864
0,0,0.18952,2.53865,2.97863,0.19887
0,0,0.18952,2.53865,2.97863,0.19887
0,0,0.18952,2.53864,2.97864,0.198874
0,0,0.18952,2.53863,2.97864,0.198873
0,0,0.189877,2.53862,2.97864,0.198874
0,0,0.189877,2.53862,2.97865,0.198876
0,0,0.189877,2.53861,2.97865,0.198882
0,0,0.189877,2.5386,2.97865,0.198886
0,0,0.189877,2.53859,2.97866,0.198884
0,0,0.189877,2.53858,2.97866,0.198882
0,0,0.189877,2.53857,2.97866,0.198877
0,0,0.189877,2.53857,2.97866,0.198874
0,0,0.189877,2.53856,2.97866,0.198869
0,0,0.189877,2.53855,2.97866,0.198867
0,0,0.190039,2.53854,2.97867,0.198863
0,0,0.190039,2.53854,2.97867,0.198862
0,0,0.190039,2.53853,2.97867,0.198861
0,0,0.190039,2.53853,2.97868,0.198862
0,0,0.190039,2.53852,2.97868,0.19886
0,0,0.190039,2.53851,2.97869,0.198861
0,0,0.190039,2.53851,2.97869,0.198857
0,0,0.190039,2.5385,2.9787,0.198857
0,0,0.190039,2.53849,2.9787,0.198855
0,0,0.190407,2.53849,2.9787,0.198853
0,0,0.190407,2.53848,2.97871,0.198852
0,0,0.190407,2.53847,2.97871,0.198857
0,0,0.190407,2.53846,2.97871,0.198859
0,0,0.190407,2.53845,2.97871,0.198856
0,0,0.190407,2.53845,2.97871,0.198854
0,0,0.190407,2.53844,2.97871,0.198848
0,0,0.190407,2.53843,2.97871,0.198844
0,0,0.190407,2.53842,2.97871,0.19884
0,0,0.190788,2.53841,2.97872,0.198838
0,0,0.190788,2.53841,2.97872,0.198837
0,0,0.190788,2.5384,2.97872,0.198841
0,0,0.190788,2.53839,2.97872,0.198845
0,0,0.190788,2.53838,2.97873,0.19885
0,0,0.190788,2.53838,2.97873,0.198851
0,0,0.190788,2.53837,2.97874,0.198854
0,0,0.190788,2.53836,2.97874,0.198853
0,0,0.190788,2.53836,2.97874,0.198851
0,0,0.190788,2.53835,2.97875,0.198852
0,0,0.191367,2.53834,2.97875,0.19885
0,0,0.191367,2.53833,2.97875,0.198851
0,0,0.191367,2.53832,2.97876,0.198853
0,0,0.191367,2.53831,2.97876,0.198854
0,0,0.191367,2.5383,2.97876,0.198857
0,0,0.191367,2.53829,2.97876,0.198858
0,0,0.191367,2.53829,2.97876,0.198856
0,0,0.191367,2.53828,2.97877,0.198858
0,0,0.191367,2.53827,2.97877,0.198857
0,0,0.191389,2.53826,2.97877,0.198855
0,0,0.191389,2.53826,2.97878,0.198857
0,0,0.191389,2.53825,2.97878,0.198856
0,0,0.191389,2.53824,2.97879,0.198854
0,0,0.191389,2.53823,2.97879,0.198854
0,0,0.191389,2.53823,2.9788,0.198851
0,0,0.191389,2.53822,2.9788,0.198847
0,0,0.191389,2.53821,2.9788,0.198838
0,0,0.191389,2.5382,2.9788,0.198826
0,0,0.191389,2.53819,2.97881,0.198817
0,0,0.191036,2.53819,2.97881,0.198809
0,0,0.191036,2.53818,2.97881,0.198796
0,0,0.191036,2.53817,2.97881,0.198784
0,0,0.191036,2.53817,2.97882,0.198771
0,0,0.191036,2.53816,2.97882,0.198758
0,0,0.191036,2.53816,2.97883,0.198749
0,0,0.191036,2.53815,2.97883,0.19874
0,0,0.191036,2.53815,2.97883,0.198731
0,0,0.191036,2.53814,2.97884,0.198724
0,0,0.191036,2.53813,2.97884,0.198716
0,0,0.19072,2.53813,2.97885,0.198705
0,0,0.19072,2.53812,2.97885,0.198691
0,0,0.19072,2.53812,2.97885,0.198674
0,0,0.19072,2.53811,2.97885,0.198655
0,0,0.19072,2.5381,2.97885,0.19864
0,0,0.19072,2.5381,2.97886,0.198624
0,0,0.19072,2.53809,2.97886,0.19861
0,0,0.19072,2.53809,2.97886,0.198601
0,0,0.19072,2.53808,2.97886,0.198591
0,0,0.19072,2.53808,2.97887,0.198581
0,0,0.19072,2.53807,2.97887,0.198572
0,0,0.191159,2.53806,2.97887,0.198566
0,0,0.191159,2.53806,2.97888,0.198562
0,0,0.191159,2.53805,2.97888,0.198559
0,0,0.191159,2.53804,2.97888,0.198559
0,0,0.191159,2.53804,2.97888,0.198556
0,0,0.191159,2.53803,2.97889,0.19855
0,0,0.191159,2.53802,2.97889,0.198543
0,0,0.191159,2.53801,2.97889,0.19854
0,0,0.191159,2.53801,2.97889,0.198536
0,0,0.191159,2.538,2.97889,0.198531
0,0,0.191824,2.53799,2.9789,0.198526
0,0,0.191824,2.53798,2.9789,0.198532
0,0,0.191824,2.53798,2.97891,0.19854
0,0,0.191824,2.53797,2.97891,0.198549
0,0,0.191824,2.53796,2.97891,0.198557
0,0,0.191824,2.53795,2.97892,0.198558
0,0,0.191824,2.53794,2.97892,0.198553
0,0,0.191824,2.53793,2.97892,0.198547
0,0,0.191824,2.53792,2.97892,0.198546
0,0,0.191824,2.53791,2.97893,0.198543
0,0,0.191824,2.53791,2.97893,0.198539
0,0,0.191824,2.5379,2.97893,0.198536
0,0,0.192205,2.53789,2.97894,0.198537
0,0,0.192205,2.53788,2.97894,0.198537
0,0,0.192205,2.53788,2.97895,0.198541
0,0,0.192205,2.53787,2.97895,0.198545
0,0,0.192205,2.53786,2.97896,0.198547
0,0,0.192205,2.53785,2.97896,0.198544
0,0,0.192205,2.53784,2.97897,0.198536
0,0,0.192205,2.53783,2.97897,0.198527
0,0,0.192205,2.53783,2.97897,0.198519
0,0,0.19235,2.53782,2.97897,0.198516
0,0,0.19235,2.53781,2.97898,0.198513
0,0,0.19235,2.5378,2.97898,0.198511
0,0,0.19235,2.5378,2.97899,0.198509
0,0,0.19235,2.53779,2.97899,0.198508
0,0,0.19235,2.53778,2.979,0.198505
0,0,0.19235,2.53778,2.979,0.198502
0,0,0.19235,2.53777,2.97901,0.198494
0,0,0.19235,2.53776,2.97901,0.198482
0,0,0.19235,2.53775,2.97901,0.19847
0,0,0.192411,2.53775,2.97902,0.19846
0,0,0.192411,2.53774,2.97902,0.198451
0,0,0.192411,2.53773,2.97902,0.198444
0,0,0.192411,2.53773,2.97903,0.198443
0,0,0.192411,2.53772,2.97903,0.19844
0,0,0.192411,2.53771,2.97904,0.198436
0,0,0.192411,2.53771,2.97904,0.198432
0,0,0.192411,2.5377,2.97904,0.198424
0,0,0.192411,2.53769,2.97905,0.198413
0,0,0.192411,2.53768,2.97905,0.198401
0,0,0.192614,2.53767,2.97905,0.198389
0,0,0.192614,2.53767,2.97906,0.198379
0,0,0.192614,2.53766,2.97906,0.198372
0,0,0.192614,2.53765,2.97906,0.198369
0,0,0.192614,2.53764,2.97907,0.198366
0,0,0.192614,2.53764,2.97907,0.198363
0,0,0.192614,2.53763,2.97908,0.198357
0,0,0.192614,2.53762,2.97908,0.198348
0,0,0.192614,2.53761,2.97908,0.198338
0,0,0.192614,2.5376,2.97909,0.198326
0,0,0.19312,2.5376,2.97909,0.198316
0,0,0.19312,2.53759,2.97909,0.19831
0,0,0.19312,2.53758,2.9791,0.198311
0,0,0.19312,2.53757,2.9791,0.198317
0,0,0.19312,2.53757,2.97911,0.198321
0,0,0.19312,2.53756,2.97911,0.198319
0,0,0.19312,2.53755,2.97912,0.198316
0,0,0.19312,2.53754,2.97912,0.198309
0,0,0.19312,2.53753,2.97912,0.1983
0,0,0.19343,2.53752,2.97913,0.198293
0,0,0.19343,2.53752,2.97913,0.198288
0,0,0.19343,2.53751,2.97914,0.198287
0,0,0.19343,2.5375,2.97914,0.19829
0,0,0.19343,2.53749,2.97915,0.198292
0,0,0.19343,2.53748,2.97915,0.198289
0,0,0.19343,2.53747,2.97916,0.198283
0,0,0.19343,2.53747,2.97916,0.198275
0,0,0.19343,2.53746,2.97916,0.198266
0,0,0.19343,2.53745,2.97917,0.198257
0,0,0.193574,2.53744,2.97917,0.198249
0,0,0.193574,2.53743,2.97918,0.198244
0,0,0.193574,2.53743,2.97918,0.198241
0,0,0.193574,2.53742,2.97919,0.19824
0,0,0.193574,2.53741,2.97919,0.198235
0,0,0.193574,2.5374,2.9792,0.198227
0,0,0.193574,2.5374,2.9792,0.198217
0,0,0.193574,2.53739,2.9792,0.198206
0,0,0.193879,2.53738,2.97921,0.198195
0,0,0.193879,2.53737,2.97921,0.198188
0,0,0.193879,2.53737,2.97922,0.198186
0,0,0.193879,2.53736,2.97922,0.198186
0,0,0.193879,2.53735,2.97923,0.198187
0,0,0.193879,2.53734,2.97923,0.198183
0,0,0.193879,2.53734,2.97924,0.198176
0,0,0.193879,2.53733,2.97924,0.198167
0,0,0.193879,2.53732,2.97925,0.198157
0,0,0.193879,2.53731,2.97925,0.198147
0,0,0.193879,2.53731,2.97925,0.198138
0,0,0.193956,2.5373,2.97926,0.198131
0,0,0.193956,2.53729,2.97926,0.198126
0,0,0.193956,2.53728,2.97927,0.198122
0,0,0.193956,2.53728,2.97927,0.198116
0,0,0.193956,2.53727,2.97928,0.198107
0,0,0.193956,2.53726,2.97928,0.198096
0,0,0.193956,2.53725,2.97928,0.198084
0,0,0.193956,2.53725,2.97929,0.198073
0,0,0.193956,2.53724,2.97929,0.198063
0,0,0.194074,2.53723,2.97929,0.198055
0,0,0.194074,2.53722,2.9793,0.19805
0,0,0.194074,2.53722,2.9793,0.198046
0,0,0.194074,2.53721,2.97931,0.19804
0,0,0.194074,2.5372,2.97931,0.198031
0,0,0.194074,2.53719,2.97931,0.198021
0,0,0.194074,2.53718,2.97932,0.19801
0,0,0.194074,2.53717,2.97932,0.197998
0,0,0.194074,2.53717,2.97932,0.19799
0,0,0.194074,2.53716,2.97933,0.197982
0,0,0.194062,2.53715,2.97933,0.197975
0,0,0.194062,2.53714,2.97933,0.19797
0,0,0.194062,2.53714,2.97934,0.197961
0,0,0.194062,2.53713,2.97934,0.19795
0,0,0.194062,2.53712,2.97935,0.197938
0,0,0.194062,2.53711,2.97935,0.197925
0,0,0.194062,2.53711,2.97935,0.197913
0,0,0.194062,2.5371,2.97936,0.197902
0,0,0.194062,2.53709,2.97936,0.197894
0,0,0.194062,2.53708,2.97937,0.197887
0,0,0.194062,2.53708,2.97937,0.197881
0,0,0.193871,2.53707,2.97937,0.197872
0,0,0.193871,2.53706,2.97938,0.197859
0,0,0.193871,2.53706,2.97938,0.197843
0,0,0.193871,2.53705,2.97939,0.197826
0,0,0.193871,2.53704,2.97939,0.19781
0,0,0.193871,2.53704,2.97939,0.197795
0,0,0.193871,2.53703,2.9794,0.197784
0,0,0.193871,2.53702,2.9794,0.197775
0,0,0.193871,2.53702,2.97941,0.197767
0,0,0.193871,2.53701,2.97941,0.197756
0,0,0.193871,2.537,2.97942,0.197744
0,0,0.193871,2.537,2.97942,0.197729
0,0,0.194246,2.53699,2.97942,0.197715
0,0,0.194246,2.53698,2.97943,0.197705
0,0,0.194246,2.53698,2.97943,0.197699
0,0,0.194246,2.53697,2.97944,0.197697
0,0,0.194246,2.53696,2.97944,0.197697
0,0,0.194246,2.53696,2.97945,0.197696
0,0,0.194246,2.53695,2.97945,0.197691
0,0,0.194246,2.53694,2.97945,0.197683
0,0,0.194246,2.53694,2.97946,0.197674
0,0,0.194246,2.53693,2.97946,0.197661
0,0,0.193486,2.53692,2.97946,0.197651
0,0,0.193486,2.53691,2.97947,0.197638
0,0,0.193486,2.53691,2.97947,0.197616
0,0,0.193486,2.5369,2.97948,0.197595
0,0,0.193486,2.53689,2.97948,0.197576
0,0,0.193486,2.53689,2.97948,0.197555
0,0,0.193486,2.53688,2.97949,0.197535
0,0,0.193486,2.53687,2.97949,0.197516
0,0,0.193486,2.53687,2.97949,0.197496
0,0,0.193486,2.53686,2.9795,0.197478
0,0,0.195508,2.53685,2.9795,0.197462
0,0,0.195508,2.53685,2.9795,0.197465
0,0,0.195508,2.53684,2.97951,0.197489
0,0,0.195508,2.53683,2.97951,0.197521
0,0,0.195508,2.53682,2.97952,0.197548
0,0,0.195508,2.53681,2.97952,0.197566
0,0,0.195508,2.5368,2.97953,0.197577
0,0,0.195508,2.53679,2.97953,0.197584
0,0,0.195508,2.53678,2.97953,0.197588
0,0,0.195508,2.53677,2.97954,0.197591
0,0,0.195505,2.53676,2.97954,0.197595
0,0,0.195505,2.53675,2.97955,0.1976
0,0,0.195505,2.53674,2.97955,0.197603
0,0,0.195505,2.53673,2.97956,0.197602
0,0,0.195505,2.53672,2.97956,0.197598
0,0,0.195505,2.53671,2.97956,0.19759
0,0,0.195505,2.5367,2.97957,0.197581
0,0,0.195505,2.53669,2.97957,0.197572
0,0,0.195505,2.53668,2.97958,0.197564
0,0,0.195446,2.53667,2.97958,0.197557
0,0,0.195446,2.53666,2.97959,0.197552
0,0,0.195446,2.53666,2.97959,0.197547
0,0,0.195446,2.53665,2.9796,0.197537
0,0,0.195446,2.53664,2.9796,0.197526
0,0,0.195446,2.53663,2.97961,0.197514
0,0,0.195446,2.53662,2.97961,0.1975
0,0,0.195446,2.53661,2.97961,0.197487
0,0,0.19538,2.53661,2.97962,0.197476
0,0,0.19538,2.5366,2.97962,0.197466
0,0,0.19538,2.53659,2.97963,0.197458
0,0,0.19538,2.53659,2.97963,0.197451
0,0,0.19538,2.53658,2.97964,0.197439
0,0,0.19538,2.53657,2.97964,0.197426
0,0,0.19538,2.53657,2.97965,0.197412
0,0,0.19538,2.53656,2.97965,0.197398
0,0,0.19538,2.53655,2.97965,0.197384
0,0,0.195171,2.53655,2.97966,0.197373
0,0,0.195171,2.53654,2.97966,0.197362
0,0,0.195171,2.53654,2.97967,0.19735
0,0,0.195171,2.53653,2.97967,0.197339
0,0,0.195171,2.53652,2.97968,0.197326
0,0,0.195171,2.53652,2.97968,0.19731
0,0,0.195171,2.53651,2.97968,0.197295
0,0,0.195171,2.5365,2.97969,0.197279
0,0,0.195171,2.5365,2.97969,0.197263
0,0,0.195171,2.53649,2.97969,0.19725
0,0,0.195171,2.53648,2.9797,0.19724
0,0,0.195171,2.53648,2.9797,0.197231
0,0,0.195171,2.53647,2.9797,0.197223
0,0,0.195171,2.53646,2.97971,0.197213
0,0,0.195171,2.53646,2.97971,0.1972
0,0,0.195302,2.53645,2.97972,0.197186
0,0,0.195302,2.53644,2.97972,0.197173
0,0,0.195302,2.53644,2.97972,0.197162
0,0,0.195302,2.53643,2.97972,0.197153
0,0,0.195302,2.53642,2.97973,0.197146
0,0,0.195302,2.53641,2.97973,0.197141
0,0,0.195302,2.53641,2.97974,0.197136
0,0,0.195302,2.5364,2.97974,0.197128
0,0,0.195302,2.53639,2.97974,0.197118
0,0,0.195354,2.53638,2.97975,0.197106
0,0,0.195354,2.53637,2.97975,0.197093
0,0,0.195354,2.53637,2.97975,0.197082
0,0,0.195354,2.53636,2.97975,0.197073
0,0,0.195354,2.53635,2.97976,0.197065
0,0,0.195354,2.53634,2.97976,0.197059
0,0,0.195354,2.53634,2.97977,0.197054
0,0,0.195354,2.53633,2.97977,0.197046
0,0,0.195354,2.53632,2.97978,0.197035
0,0,0.195354,2.53631,2.97978,0.197023
0,0,0.195534,2.5363,2.97978,0.19701
0,0,0.195534,2.5363,2.97979,0.196999
0,0,0.195534,2.53629,2.97979,0.196992
0,0,0.195534,2.53628,2.97979,0.196987
0,0,0.195534,2.53627,2.9798,0.196982
0,0,0.195534,2.53627,2.9798,0.19698
0,0,0.195534,2.53626,2.97981,0.196973
0,0,0.195534,2.53625,2.97981,0.196962
0,0,0.195534,2.53624,2.97982,0.196951
0,0,0.195649,2.53623,2.97982,0.19694
0,0,0.195649,2.53623,2.97982,0.196928
0,0,0.195649,2.53622,2.97983,0.19692
0,0,0.195649,2.53621,2.97983,0.196915
0,0,0.195649,2.53621,2.97984,0.19691
0,0,0.195649,2.5362,2.97984,0.196906
0,0,0.195649,2.53619,2.97985,0.196898
0,0,0.195649,2.53618,2.97985,0.196888
0,0,0.195649,2.53618,2.97986,0.196876
0,0,0.195649,2.53617,2.97986,0.196864
0,0,0.195775,2.53616,2.97986,0.196852
0,0,0.195775,2.53616,2.97987,0.196842
0,0,0.195775,2.53615,2.97987,0.196836
0,0,0.195775,2.53614,2.97988,0.196832
0,0,0.195775,2.53613,2.97988,0.196828
0,0,0.195775,2.53613,2.97989,0.19682
0,0,0.195775,2.53612,2.97989,0.196811
0,0,0.195775,2.53611,2.97989,0.196799
0,0,0.195775,2.5361,2.9799,0.196787
0,0,0.195775,2.5361,2.9799,0.196775
0,0,0.196205,2.53609,2.9799,0.196765
0,0,0.196205,2.53608,2.97991,0.196759
0,0,0.196205,2.53607,2.97991,0.19676
0,0,0.196205,2.53607,2.97992,0.196763
0,0,0.196205,2.53606,2.97992,0.196762
0,0,0.196205,2.53605,2.97993,0.196757
0,0,0.196205,2.53604,2.97993,0.19675
0,0,0.196205,2.53603,2.97993,0.196741
0,0,0.196205,2.53602,2.97994,0.196732
